molecule_id,created_on,updated_on,hid,smiles,commercially_available,CAS,molecule_type_id
6bf2b5a1-c157-4b5a-8a80-bf0b44704273,2022-01-18T12:59:55.557052,2022-01-18T12:59:55.557052,A001,CC1(C)OB(c2ccc(-n3c4ccccc4c4ccccc43)cc2)OC1(C)C,True,785051-54-9,2d012b56-8260-4f9e-8ede-2c8546baf21c
b2272f91-8f3d-41a5-87d4-8c473af1da0e,2022-01-18T13:00:03.958016,2022-01-18T13:00:03.958016,A002,CC1(C)OB(c2ccc(N(c3ccccc3)c3ccccc3)cc2)OC1(C)C,True,267221-88-5,2d012b56-8260-4f9e-8ede-2c8546baf21c
64ee9f15-7a47-4297-9e10-abc3c434c4e9,2022-01-18T13:00:12.229953,2022-01-18T13:00:12.229953,A003,COc1ccc(N(c2ccc(OC)cc2)c2ccc(B3OC(C)(C)C(C)(C)O3)cc2)cc1,True,875667-84-8,2d012b56-8260-4f9e-8ede-2c8546baf21c
c669230e-aeb4-47db-8948-cadbdea4f198,2022-01-18T13:00:20.943680,2022-01-18T13:00:20.943680,A004,CC(C)(C)OC(=O)N(c1ccccc1)c1ccc(B2OC(C)(C)C(C)(C)O2)cc1,True,1218791-29-7,2d012b56-8260-4f9e-8ede-2c8546baf21c
a8c81cfc-70df-4779-80d8-057b62224b10,2022-01-18T13:00:29.280195,2022-01-18T13:00:29.280195,A005,OB(O)c1ccc(N(c2ccccc2)c2ccc(-c3ccccc3)cc2)cc1,True,1084334-86-0,2d012b56-8260-4f9e-8ede-2c8546baf21c
f607a1d6-e065-42da-8fbe-39be80f5d9c8,2022-01-18T13:00:37.558186,2022-01-18T13:00:37.558186,A006,OB(O)c1ccc2c3ccccc3n(-c3ccc(-c4ccccc4)cc3)c2c1,True,1028648-22-7,2d012b56-8260-4f9e-8ede-2c8546baf21c
f3209e2a-1cbf-461d-945b-768fa8238f71,2022-01-18T13:00:45.807368,2022-01-18T13:00:45.807368,A007,OB(O)c1ccc2c(c1)c1cc(-c3ccccc3)ccc1n2-c1ccccc1,True,1133058-06-6,2d012b56-8260-4f9e-8ede-2c8546baf21c
c6b85389-1f54-4323-9abd-1c1685b29d94,2022-01-18T13:01:09.176952,2022-01-18T13:01:09.176952,A008,CC1(C)OB(c2ccc3c(c2)c2ccccc2n3-c2ccccc2)OC1(C)C,True,1126522-69-7,2d012b56-8260-4f9e-8ede-2c8546baf21c
ece76d8c-3284-431a-aa10-38fd47213859,2022-01-18T13:01:33.211641,2022-01-18T13:01:33.211641,A009,OB(O)c1cccc(N(c2ccccc2)c2ccccc2)c1,True,943899-12-5,2d012b56-8260-4f9e-8ede-2c8546baf21c
d578c1ee-cabe-4a68-b452-6f747f4a3a64,2022-01-18T13:01:41.261730,2022-01-18T13:01:41.261730,A010,OB(O)c1cccc(-n2c3ccccc3c3ccccc32)c1,True,864377-33-3,2d012b56-8260-4f9e-8ede-2c8546baf21c
b230ce95-ad00-4920-9cd3-5d344ea521b6,2022-01-18T13:01:49.715085,2022-01-18T13:01:49.715085,A011,OB(O)c1ccc2c3ccccc3n(-c3ccccc3)c2c1,True,1001911-63-2,2d012b56-8260-4f9e-8ede-2c8546baf21c
56471498-825e-47e7-a772-136f0f7bd817,2022-01-18T13:01:57.896125,2022-01-18T13:01:57.896125,A012,CCn1c2ccccc2c2cc(B(O)O)ccc21,True,669072-93-9,2d012b56-8260-4f9e-8ede-2c8546baf21c
8a79aa1b-4f29-4bc7-94f3-03036b6ce3c3,2022-01-18T13:02:06.282310,2022-01-18T13:02:06.282310,A013,OB(O)c1ccc(-n2c(-c3ccccc3)nc3ccccc32)cc1,True,867044-33-5,2d012b56-8260-4f9e-8ede-2c8546baf21c
e5a44560-f10d-46fa-895a-0e1a4632e6c1,2022-01-18T13:02:14.717757,2022-01-18T13:02:14.717757,A014,CN(C)c1ccc(B2OC(C)(C)C(C)(C)O2)cc1,True,171364-78-6,2d012b56-8260-4f9e-8ede-2c8546baf21c
05ca4304-bea5-41b7-a7f1-c2bc46462153,2022-01-18T13:02:23.108972,2022-01-18T13:02:23.108972,A015,CN(C)c1ccc(B2OC(C)(C)C(C)(C)O2)c2ccccc12,True,1007126-41-1,2d012b56-8260-4f9e-8ede-2c8546baf21c
d8286ae3-b3e5-4767-bc10-245c8b052061,2022-01-18T13:02:31.403510,2022-01-18T13:02:31.403510,A016,Cn1cnc2ccc(B(O)O)cc21,True,1107627-21-3,2d012b56-8260-4f9e-8ede-2c8546baf21c
c48d4657-acde-42f1-86ed-ad85bf0f3b5f,2022-01-18T13:02:39.782816,2022-01-18T13:02:39.782816,A017,Cn1ccc2cc(B(O)O)ccc21,True,192182-55-1,2d012b56-8260-4f9e-8ede-2c8546baf21c
fa572b13-f358-4beb-b2fe-34d4ff2ba435,2022-01-18T13:02:48.159408,2022-01-18T13:02:48.159408,A018,Cc1ccc(N(c2ccc(C)cc2)c2ccc(B3OC(C)(C)C(C)(C)O3)cc2)cc1,False,,2d012b56-8260-4f9e-8ede-2c8546baf21c
f4f3e748-5bac-4c49-aa15-06431de12158,2022-01-18T13:02:56.301122,2022-01-18T13:02:56.301122,A019,COc1ccc2c(c1)c1cc(OC)ccc1n2-c1ccc(B2OC(C)(C)C(C)(C)O2)cc1,False,,2d012b56-8260-4f9e-8ede-2c8546baf21c
b55ff3ac-09bc-46c0-90d8-f15208a79316,2022-01-18T13:03:04.832943,2022-01-18T13:03:04.832943,A020,CC1(C)OB(c2ccc(N3c4ccccc4Oc4ccccc43)cc2)OC1(C)C,False,,2d012b56-8260-4f9e-8ede-2c8546baf21c
1282c986-f82e-4173-828a-e73fb173d608,2022-01-18T13:03:13.212802,2022-01-18T13:03:13.212802,A021,CC1(C)OB(c2ccc(N3c4ccccc4Sc4ccccc43)cc2)OC1(C)C,False,,2d012b56-8260-4f9e-8ede-2c8546baf21c
1337b621-8e93-4d92-9699-cc9f44e2a2f8,2022-01-18T13:03:21.627352,2022-01-18T13:03:21.627352,A022,CC1(C)OB(c2ccc(N3c4ccccc4Sc4ccc(C(F)(F)F)cc43)cc2)OC1(C)C,False,,2d012b56-8260-4f9e-8ede-2c8546baf21c
87e21db2-6813-45f9-a274-5d279d606036,2022-01-18T13:03:29.758429,2022-01-18T13:03:29.758429,A023,COc1ccc2c(c1)N(c1ccc(B3OC(C)(C)C(C)(C)O3)cc1)c1ccccc1S2,False,,2d012b56-8260-4f9e-8ede-2c8546baf21c
bada33ae-83ee-4523-85f7-411ddf49f034,2022-01-18T13:03:38.051879,2022-01-18T13:03:38.051879,A024,CC1(C)c2ccccc2N(c2ccc(B3OC(C)(C)C(C)(C)O3)cc2)c2ccccc21,False,,2d012b56-8260-4f9e-8ede-2c8546baf21c
bf36f536-57a7-4eb9-bb1b-b15bd383c9b9,2022-01-18T13:03:46.369639,2022-01-18T13:03:46.369639,A025,CC1(C)OB(c2ccc(-n3c4ccccc4c(=O)c4ccccc43)cc2)OC1(C)C,False,,2d012b56-8260-4f9e-8ede-2c8546baf21c
8b25a7f2-4195-4ac9-889a-fb4638832aa9,2022-01-18T13:03:54.742646,2022-01-18T13:03:54.742646,A026,COc1ccc2c3ccc(OC)cc3n(-c3ccc(B4OC(C)(C)C(C)(C)O4)cc3)c2c1,False,,2d012b56-8260-4f9e-8ede-2c8546baf21c
faa4de17-7959-4bc4-a071-de1fda1b8a05,2022-01-18T13:04:03.081827,2022-01-18T13:04:03.081827,A027,Cc1ccc2c(c1)c1cc(C)ccc1n2-c1ccc(B2OC(C)(C)C(C)(C)O2)cc1,False,,2d012b56-8260-4f9e-8ede-2c8546baf21c
05f134e5-b4fd-4085-a7a6-ca35b48d3d23,2022-01-18T13:04:11.557757,2022-01-18T13:04:11.557757,A028,CC1(C)OB(c2ccc(N3c4ccccc4CCc4ccccc43)cc2)OC1(C)C,False,,2d012b56-8260-4f9e-8ede-2c8546baf21c
450046d9-f5e4-4736-bada-4b2a61bbaf6f,2022-01-18T13:04:19.693433,2022-01-18T13:04:19.693433,A029,COc1ccc2c3ccccc3n(-c3ccc(B4OC(C)(C)C(C)(C)O4)cc3)c2c1,False,,2d012b56-8260-4f9e-8ede-2c8546baf21c
e19da15b-43ce-48dc-a747-78fd2b8dffef,2022-01-18T13:04:28.206282,2022-01-18T13:04:28.206282,A030,COC(=O)c1ccccc1N(c1ccc(B2OC(C)(C)C(C)(C)O2)cc1)c1cccc(C(F)(F)F)c1,False,,2d012b56-8260-4f9e-8ede-2c8546baf21c
3a2ff82c-249a-4d83-b9ea-2b682545d2ad,2022-01-18T13:04:36.423346,2022-01-18T13:04:36.423346,A031,CC1(C)OB(c2ccc(-n3ccnc3)cc2)OC1(C)C,False,,2d012b56-8260-4f9e-8ede-2c8546baf21c
aea51cbd-8991-4eea-816d-99f9c5525a21,2022-01-18T13:04:45.115779,2022-01-18T13:04:45.115779,A032,CC(C)(C)OC(=O)n1ccc2cc(B3OC(C)(C)C(C)(C)O3)ccc21,False,,2d012b56-8260-4f9e-8ede-2c8546baf21c
c316176a-ff1c-403b-afcd-3d67cf778018,2022-01-18T13:04:53.193586,2022-01-18T13:04:53.193586,B001,C[N+]12CC(O[B-]1(OC(C2)=O)/C=C/c3ccc(Br)cc3)=O,True,1152428-02-8,fea52f4d-1371-42c2-96d6-dfc177e9ae22
80ae3faf-ebe1-4306-ab0b-7546691d09ab,2022-01-18T13:05:01.668996,2022-01-18T13:05:01.668996,B002,C[N+]12CC(=O)O[B-]1(c1sccc1Br)OC(=O)C2,True,2346599-94-6,fea52f4d-1371-42c2-96d6-dfc177e9ae22
45cb409f-376c-4f89-8ee7-79595d2668e7,2022-01-18T13:05:10.148102,2022-01-18T13:05:10.148102,B003,C[N+]12CC(O[B-]1(OC(C2)=O)/C=C/Br)=O,True,1104636-68-01,fea52f4d-1371-42c2-96d6-dfc177e9ae22
948455a0-8065-471a-9e3f-88e96a71effd,2022-01-18T13:05:18.617578,2022-01-18T13:05:18.617578,B004,C[N+]12CC(=O)O[B-]1(c1cccnc1Br)OC(=O)C2,True,51067-38-0,fea52f4d-1371-42c2-96d6-dfc177e9ae22
8a68e5cc-d330-4449-827c-fb3807e923ea,2022-01-18T13:05:26.957152,2022-01-18T13:05:26.957152,B005,C[N+]12CC(=O)O[B-]1(c1cncc(Br)c1)OC(=O)C2,True,1835721-30-6,fea52f4d-1371-42c2-96d6-dfc177e9ae22
53d770a1-28d9-4164-8682-fff95bab4200,2022-01-18T13:05:35.458377,2022-01-18T13:05:35.458377,B006,C[N+]12CC(=O)O[B-]1(c1occc1Br)OC(=O)C2,True,1357387-27-9,fea52f4d-1371-42c2-96d6-dfc177e9ae22
0bbf663e-0396-4e3b-8cb8-23cdcf51eba6,2022-01-18T13:05:43.843514,2022-01-18T13:05:43.843514,B007,Cn1ncc(Br)c1[B-]12OC(=O)C[N+]1(C)CC(=O)O2,True,108238-09-1,fea52f4d-1371-42c2-96d6-dfc177e9ae22
3ee2661c-523f-4c4a-aac2-4b6a93f9cf9b,2022-01-18T13:05:52.655271,2022-01-18T13:05:52.655271,B008,C[N+]12CC(=O)O[B-]1(c1ccccc1I)OC(=O)C2,True,1765-93-1,fea52f4d-1371-42c2-96d6-dfc177e9ae22
dfaa460f-a182-4749-a85d-b7c1b19e9ce0,2022-01-18T13:06:01.059985,2022-01-18T13:06:01.059985,B009,C[N+]12CC(=O)O[B-]1(c1cccc(I)c1)OC(=O)C2,True,1287221-37-7,fea52f4d-1371-42c2-96d6-dfc177e9ae22
ada98943-ff1b-4d20-9e5e-3b38bb69e5fc,2022-01-18T13:06:09.532823,2022-01-18T13:06:09.532823,B010,C[N+]12CC(=O)O[B-]1(c1cccc(Br)c1F)OC(=O)C2,True,1257647-82-7,fea52f4d-1371-42c2-96d6-dfc177e9ae22
dfec3362-bbc3-42b5-950f-a7de0ae9965d,2022-01-18T13:06:18.038997,2022-01-18T13:06:18.038997,B011,C[N+]12CC(=O)O[B-]1(c1cc(I)cc(C(F)(F)F)c1)OC(=O)C2,True,2081092-84-2,fea52f4d-1371-42c2-96d6-dfc177e9ae22
fef94274-bd2d-47bd-9ba2-87c1b86cf00c,2022-01-18T13:06:26.079206,2022-01-18T13:06:26.079206,B012,C[N+]12CC(=O)O[B-]1(c1cc(F)cc(Br)c1)OC(=O)C2,True,1257650-61-5,fea52f4d-1371-42c2-96d6-dfc177e9ae22
eb546935-e52f-49ef-aa79-d7923760d4fd,2022-01-18T13:06:34.607860,2022-01-18T13:06:34.607860,B013,C[N+]12CC(=O)O[B-]1(c1cc(Br)ccc1C#N)OC(=O)C2,False,,fea52f4d-1371-42c2-96d6-dfc177e9ae22
5e02fe87-04eb-4d8e-b2d4-78f2ae025546,2022-01-18T13:06:42.694676,2022-01-18T13:06:42.694676,B014,COc1cc(I)cc([B-]23OC(=O)C[N+]2(C)CC(=O)O3)c1,False,,fea52f4d-1371-42c2-96d6-dfc177e9ae22
e46ecfa7-a796-48c8-a435-bed4df891d83,2022-01-18T13:06:50.951364,2022-01-18T13:06:50.951364,B015,C[N+]12CC(=O)O[B-]1(c1sc3ccccc3c1Br)OC(=O)C2,True,1104636-80-7,fea52f4d-1371-42c2-96d6-dfc177e9ae22
f6d18772-da99-4460-af43-e1d0d319a0a6,2022-01-18T13:06:59.155784,2022-01-18T13:06:59.155784,B016,C[N+]12CC(=O)O[B-]1(c1cc(Cl)cc(Br)c1)OC(=O)C2,False,,fea52f4d-1371-42c2-96d6-dfc177e9ae22
77e22214-bbb4-420a-943c-02d7b891702e,2022-01-18T13:07:07.611249,2022-01-18T13:07:07.611249,B017,C[N+]12CC(=O)O[B-]1(c1ccc(-c3ccc(Br)s3)s1)OC(=O)C2,True,1104636-79-4,fea52f4d-1371-42c2-96d6-dfc177e9ae22
270d5dd3-fe23-4dda-8ccf-51d3850e02e8,2022-01-18T13:07:15.799781,2022-01-18T13:07:15.799781,B018,C[N+]12CC(=O)O[B-]1(c1ccc(Br)nc1)OC(=O)C2,True,1816951-75-3,fea52f4d-1371-42c2-96d6-dfc177e9ae22
24e91d9a-7785-43f7-9cba-8123dc0d708a,2022-01-18T13:07:24.107083,2022-01-18T13:07:24.107083,B019,C[N+]12CC(=O)O[B-]1(c1ccc(Br)cn1)OC(=O)C2,True,1227700-50-6,fea52f4d-1371-42c2-96d6-dfc177e9ae22
b8820fe8-b467-4f6e-91a9-0180bd576800,2022-01-18T13:07:32.514078,2022-01-18T13:07:32.514078,B020,C[N+]12CC(=O)O[B-]1(c1c(F)cccc1Br)OC(=O)C2,True,1257650-76-2,fea52f4d-1371-42c2-96d6-dfc177e9ae22
804dab2c-e042-49e5-8578-b4393687345d,2022-01-18T13:07:40.641371,2022-01-18T13:07:40.641371,B021,C[N+]12CC(=O)O[B-]1(c1ccc(I)cc1)OC(=O)C2,True,1257649-56-1,fea52f4d-1371-42c2-96d6-dfc177e9ae22
20a986e1-e10b-4fe0-9825-3925ab6dc979,2022-01-18T13:07:49.051117,2022-01-18T13:07:49.051117,B022,C[N+]12CC(=O)O[B-]1(c1cc(Br)ccc1F)OC(=O)C2,False,,fea52f4d-1371-42c2-96d6-dfc177e9ae22
449ebec1-e0ba-4d19-96a5-366c9fdf224c,2022-01-18T13:07:57.147646,2022-01-18T13:07:57.147646,B023,C[N+]12CC(=O)O[B-]1(c1ccccc1-c1ccccc1Br)OC(=O)C2,False,,fea52f4d-1371-42c2-96d6-dfc177e9ae22
2c0bf7f5-815c-47c3-b68c-eb601a2e52f9,2022-01-18T13:08:05.205144,2022-01-18T13:08:05.205144,B024,C[N+]12CC(=O)O[B-]1(c1cc3cc(Br)ccc3o1)OC(=O)C2,True,943552-11-2,fea52f4d-1371-42c2-96d6-dfc177e9ae22
d1bb232c-b83a-49cb-bcec-0e02558a6c41,2022-01-18T13:08:13.287359,2022-01-18T13:08:13.287359,B025,C[N+]12CC(=O)O[B-]1(c1ccc(Br)s1)OC(=O)C2,True,943552-31-6,fea52f4d-1371-42c2-96d6-dfc177e9ae22
a343cee0-8341-42a6-b3e6-36344c9ce476,2022-01-18T13:08:21.685996,2022-01-18T13:08:21.685996,B026,C[N+]12CC(=O)O[B-]1(c1cccnc1I)OC(=O)C2,False,,fea52f4d-1371-42c2-96d6-dfc177e9ae22
ec584c6b-36e5-4ba9-a122-80f1850efa86,2022-01-18T13:08:29.870721,2022-01-18T13:08:29.870721,B027,C[N+]12CC(O[B-]1(OC(C2)=O)/C=C/c3cc(Br)ccc3)=O,True,943552-33-8,fea52f4d-1371-42c2-96d6-dfc177e9ae22
8b3fe017-b765-4275-9f02-6e4abee8388a,2022-01-18T13:08:38.251289,2022-01-18T13:08:38.251289,B028,C[N+]12CC(=O)O[B-]1(c1cc(Br)no1)OC(=O)C2,False,,fea52f4d-1371-42c2-96d6-dfc177e9ae22
88ff620c-7b8c-4ecd-9403-fd6c0f249e97,2022-01-18T13:08:46.422548,2022-01-18T13:08:46.422548,B029,C[N+]12CC(=O)O[B-]1(c1ccncc1Br)OC(=O)C2,False,,fea52f4d-1371-42c2-96d6-dfc177e9ae22
5e01f2dd-c067-4696-80ba-9b9a1f357dad,2022-01-18T13:08:54.567169,2022-01-18T13:08:54.567169,B030,Br/C=C\[B-]1([N+]2(C)CC(O1)=O)OC(C2)=O,True,1105069-27-9,fea52f4d-1371-42c2-96d6-dfc177e9ae22
2d83fadb-4b36-42a3-a29d-1ff30b8972d6,2022-01-18T13:09:02.839161,2022-01-18T13:09:02.839161,C001,BrC1=CC=C(C2=CC=C(Br)C=C2)C=C1,False,,85e4af58-6d1e-49cb-88bd-7efe7773bb64
d84002d6-88ab-4007-80e3-629404e64478,2022-01-18T13:09:11.029798,2022-01-18T13:09:11.029798,C002,IC1=CC=C(C=C1)I,False,,85e4af58-6d1e-49cb-88bd-7efe7773bb64
c995b067-f927-40cc-98ce-f067b07ef086,2022-01-18T13:09:19.129464,2022-01-18T13:09:19.129464,C003,BrC1=CC(C)=C(C=C1C)Br,False,,85e4af58-6d1e-49cb-88bd-7efe7773bb64
26c859cf-a527-4d48-aa3c-97f91b49073d,2022-01-18T13:09:28.844210,2022-01-18T13:09:28.844210,C004,BrC1=C(C(F)=C(C(F)=C1F)C2=C(C(F)=C(C(F)=C2F)Br)F)F,False,,85e4af58-6d1e-49cb-88bd-7efe7773bb64
76d1382a-9290-49c6-8868-642282178219,2022-01-18T13:09:41.421441,2022-01-18T13:09:41.421441,C005,BrC1=CC=C(C2=C1)C3=C(C2(C)C)C=C(Br)C=C3,False,,85e4af58-6d1e-49cb-88bd-7efe7773bb64
05363cc8-5e01-4253-ac1c-a7b072bbb49b,2022-01-18T13:09:49.576200,2022-01-18T13:09:49.576200,C006,BrC1=CC=C(C2=C1)C3=C(C2=O)C=C(Br)C=C3,False,,85e4af58-6d1e-49cb-88bd-7efe7773bb64
3762294e-0f0a-4d6d-bc4f-1a22b90f5c7d,2022-01-18T13:09:57.715869,2022-01-18T13:09:57.715869,C007,BrC1=CC=C2C3=C(NC2=C1)C=C(Br)C=C3,False,,85e4af58-6d1e-49cb-88bd-7efe7773bb64
b43907c3-83d8-4f12-8557-c288aa73e579,2022-01-18T13:10:05.757040,2022-01-18T13:10:05.757040,C008,BrC1=C2C(C=CC=C2)=C(C3=CC=CC=C31)Br,False,,85e4af58-6d1e-49cb-88bd-7efe7773bb64
bdf2d65b-5a44-4027-9e3a-711bf83cf8af,2022-01-18T13:10:13.852927,2022-01-18T13:10:13.852927,C009,BrC1=C2C(C=CC=C2)=C(C3=CC=CC=C31)C4=C5C=CC=CC5=C(C6=C4C=CC=C6)Br,False,,85e4af58-6d1e-49cb-88bd-7efe7773bb64
c9ad9ef7-4029-43f8-92ba-b7f3e30dc151,2022-01-18T13:10:21.930532,2022-01-18T13:10:21.930532,C010,BrC1=CC=C2C=C(C=CC2=C1)Br,False,,85e4af58-6d1e-49cb-88bd-7efe7773bb64
6df57580-8d42-45a5-b5c8-6895aea01dd0,2022-01-18T13:10:30.029613,2022-01-18T13:10:30.029613,C011,BrC1=CC2=C(S1)C=C(Br)S2,False,,85e4af58-6d1e-49cb-88bd-7efe7773bb64
ca41ee1c-2dac-4c12-89f3-72e49485509d,2022-01-18T13:10:38.146932,2022-01-18T13:10:38.146932,C012,BrC1=CC=C(C2=NSN=C21)Br,False,,85e4af58-6d1e-49cb-88bd-7efe7773bb64
ca36fd95-9336-4a81-96ad-bacd365026ee,2022-01-18T13:10:46.349323,2022-01-18T13:10:46.349323,C013,BrC1=CN=C(C2=NSN=C21)Br,False,,85e4af58-6d1e-49cb-88bd-7efe7773bb64
338fe5c0-2ac2-4742-9fac-b183065871e6,2022-01-18T13:10:54.489212,2022-01-18T13:10:54.489212,C014,FC1=C(C(F)=C(C(F)=C1Br)F)Br,False,,85e4af58-6d1e-49cb-88bd-7efe7773bb64
b4f3c922-7b1d-46c9-9f70-1b20a80b6578,2022-01-18T13:11:02.698694,2022-01-18T13:11:02.698694,C015,NC1=C(C=CC(Br)=C1)C2=CC=C(C=C2N)Br,False,,85e4af58-6d1e-49cb-88bd-7efe7773bb64
a51f170b-2355-4d10-9567-b7ab304bfa3a,2022-01-18T13:11:10.877990,2022-01-18T13:11:10.877990,C016,BrC1=CC=C(C=C1)C2=CC=C(C=C2)C3=CC=C(C=C3)Br,False,,85e4af58-6d1e-49cb-88bd-7efe7773bb64
ae3fa8ef-7627-4fb4-96b6-e0be870ee52e,2022-01-18T13:11:19.067227,2022-01-18T13:11:19.067227,C017,BrC1=CC=C(C=C1)C2=C(C=C(C(C)=C2)C3=CC=C(C=C3)Br)C,False,,85e4af58-6d1e-49cb-88bd-7efe7773bb64
d9a405a7-f946-4225-bb67-f11e2ab6afcc,2022-01-18T13:11:27.130652,2022-01-18T13:11:27.130652,C018,BrC1=CC=C(C=C1F)Br,False,,85e4af58-6d1e-49cb-88bd-7efe7773bb64
be74f159-3f9f-4035-9b13-d1c2d9765475,2022-01-18T13:11:35.264769,2022-01-18T13:11:35.264769,C019,BrC1=C(C(F)=C(C(F)=C1F)Br)F,False,,85e4af58-6d1e-49cb-88bd-7efe7773bb64
58b85dc9-cc05-4a2c-985d-912db5916542,2022-01-18T13:11:43.502026,2022-01-18T13:11:43.502026,C020,BrC1=CC(OC)=C(C=C1OC)Br,False,,85e4af58-6d1e-49cb-88bd-7efe7773bb64
00560c08-7d7c-4b1f-9203-931fa96c2dcc,2022-01-18T13:11:51.629409,2022-01-18T13:11:51.629409,C021,BrC1=CC=C(C=C1C(F)(F)F)Br,False,,85e4af58-6d1e-49cb-88bd-7efe7773bb64
d92db27b-c701-4fd5-8904-40457e9f38c6,2022-01-18T13:11:59.847645,2022-01-18T13:11:59.847645,C022,BrC1=CC=C(C=C1[N+]([O-])=O)Br,False,,85e4af58-6d1e-49cb-88bd-7efe7773bb64
12f46719-5dd9-471f-b9d5-53006acb4e8f,2022-01-18T13:12:08.022667,2022-01-18T13:12:08.022667,C023,BrC1=CC=C(C=C1N)Br,False,,85e4af58-6d1e-49cb-88bd-7efe7773bb64
9c4660e8-03f3-48c7-be78-59fb9fb4abfd,2022-01-18T13:12:16.221485,2022-01-18T13:12:16.221485,C024,BrC1=CC=C(C2=C1N=CC=N2)Br,False,,85e4af58-6d1e-49cb-88bd-7efe7773bb64
570790ab-f9dc-4b70-8544-dfd098ca5d23,2022-01-18T13:12:24.402170,2022-01-18T13:12:24.402170,C025,BrC1=CC=C(S1)Br,False,,85e4af58-6d1e-49cb-88bd-7efe7773bb64
ef5b48e8-7fb4-4ae7-9a2f-f3e82a5bada0,2022-01-18T13:12:32.594634,2022-01-18T13:12:32.594634,C026,BrC1=C(C([N+]([O-])=O)=C(S1)Br)[N+]([O-])=O,False,,85e4af58-6d1e-49cb-88bd-7efe7773bb64
841a5f74-4ec4-4786-9cbc-3dc945145edb,2022-01-18T13:12:40.710711,2022-01-18T13:12:40.710711,C027,BrC1=C2OCCOC2=C(S1)Br,False,,85e4af58-6d1e-49cb-88bd-7efe7773bb64
f8c9d410-7ae9-4c2d-a8ae-959c713c4453,2022-01-18T13:12:48.829258,2022-01-18T13:12:48.829258,C028,BrC1=CC(F)=C(C=C1F)Br,False,,85e4af58-6d1e-49cb-88bd-7efe7773bb64
ebe76062-f7b1-41a3-b834-98a1f4f69d64,2022-01-18T13:12:56.924337,2022-01-18T13:12:56.924337,C029,BrC1=CC=C(C=C1C)Br,False,,85e4af58-6d1e-49cb-88bd-7efe7773bb64
0fa77321-78a5-4855-aef4-63e6927828c6,2022-01-18T13:13:05.198649,2022-01-18T13:13:05.198649,C030,BrC1=CC=C(C=C1C(O)=O)Br,False,,85e4af58-6d1e-49cb-88bd-7efe7773bb64
51a59025-ccdb-45ea-8a7c-e6ab869b08a5,2022-01-18T13:13:14.501936,2022-01-18T13:13:14.501936,C031,BrC1=CC=C(N=N1)Br,False,,85e4af58-6d1e-49cb-88bd-7efe7773bb64
bede2f74-e6fc-4e7a-aa30-0690f613dbdc,2022-01-18T13:13:22.650869,2022-01-18T13:13:22.650869,C032,BrC1=CC(C(F)(F)F)=C(C=N1)Br,False,,85e4af58-6d1e-49cb-88bd-7efe7773bb64
c6e2542f-0d4b-44ef-95d4-92d3649604ae,2022-01-18T13:13:30.781919,2022-01-18T13:13:30.781919,C033,Brc1cnc(Br)nc1,False,,85e4af58-6d1e-49cb-88bd-7efe7773bb64
5b92973e-a494-429f-a7a6-ae45a421bcfb,2022-01-18T13:13:39.009125,2022-01-18T13:13:39.009125,C034,BrC1=CC=C2C=CC(Br)=CC2=C1,False,,85e4af58-6d1e-49cb-88bd-7efe7773bb64
1728f4d9-627d-46fd-872d-46dfaa3d65a7,2022-01-18T13:13:47.152405,2022-01-18T13:13:47.152405,C035,BrC1=C(C=CC=C1)C2=CC=CC=C2Br,False,,85e4af58-6d1e-49cb-88bd-7efe7773bb64
36ca110f-4438-4f57-a57d-8dff3fbe76d5,2022-01-18T13:13:55.455989,2022-01-18T13:13:55.455989,C036,BrC1=CC=CC(Br)=C1,False,,85e4af58-6d1e-49cb-88bd-7efe7773bb64
8b79f38e-21d8-4aef-8b56-0d31b6272b19,2022-01-18T13:14:03.851100,2022-01-18T13:14:03.851100,C037,BrC1=C(SC=C1)C2=C(C=CS2)Br,False,,85e4af58-6d1e-49cb-88bd-7efe7773bb64
400ac899-e81c-46f0-9457-0b2cb9626ed6,2022-01-18T13:14:12.238487,2022-01-18T13:14:12.238487,C038,BrC1=CC=C(C2=CC=C(S2)C3=CC=C(S3)Br)S1,False,,85e4af58-6d1e-49cb-88bd-7efe7773bb64
f593fcd2-3967-4767-b008-693b3a5c6951,2022-01-18T13:14:20.379463,2022-01-18T13:14:20.379463,C039,BrC1=CC=CC(C2=NC(C3=CC=CC(Br)=N3)=CC=C2)=N1,False,,85e4af58-6d1e-49cb-88bd-7efe7773bb64
f014754d-1241-44f0-9f6c-df88400f1fa0,2022-01-18T13:14:28.657194,2022-01-18T13:14:28.657194,C040,BrC1=CC=CC(C2=NC(Br)=CC=C2)=N1,False,,85e4af58-6d1e-49cb-88bd-7efe7773bb64
cb45280f-c38d-415d-9b28-66c68aafe659,2022-01-18T13:15:08.851962,2022-01-18T13:15:08.851962,C041,BrC1=NC(Br)=CC=C1,False,,85e4af58-6d1e-49cb-88bd-7efe7773bb64
efb8a75c-0891-4cb6-ab06-b57d5f995dca,2022-01-18T13:15:16.924742,2022-01-18T13:15:16.924742,C042,BrC1=CC(O)=C(C=C1O)Br,False,,85e4af58-6d1e-49cb-88bd-7efe7773bb64
94068078-3476-4337-911a-ab10fc27cc7f,2022-01-18T13:15:24.979539,2022-01-18T13:15:24.979539,C043,BrC1=CC(F)=C(C2=NSN=C21)Br,False,,85e4af58-6d1e-49cb-88bd-7efe7773bb64
9627fbe4-49e6-4aae-8df7-dce9faec3d3f,2022-01-18T13:15:33.142786,2022-01-18T13:15:33.142786,C044,BrC1=CC(S(=O)(F)=O)=C(Br)C=C1,False,,85e4af58-6d1e-49cb-88bd-7efe7773bb64
f4d3907c-17e3-48a5-b5c3-5d2d51346b1c,2022-01-18T13:15:41.473411,2022-01-18T13:15:41.473411,C045,OCc1cc(Br)nc(Br)c1,False,,85e4af58-6d1e-49cb-88bd-7efe7773bb64
35fe1986-33b8-4fd7-8583-6cd98451ad54,2022-01-18T13:15:49.912313,2022-01-18T13:15:49.912313,C046,Fc1cc(OCc2ccccc2)c(Br)cc1Br,False,,85e4af58-6d1e-49cb-88bd-7efe7773bb64
90acb635-cb34-41d8-b4ed-b639e4c5d1d2,2022-01-18T13:15:58.574469,2022-01-18T13:15:58.574469,C047,FC(F)(F)Oc1ccc(Br)c(Br)c1,False,,85e4af58-6d1e-49cb-88bd-7efe7773bb64
debcf10c-3034-4ec7-b7f6-df1aebb91075,2022-01-18T13:16:06.987642,2022-01-18T13:16:06.987642,C048,CS(=O)(=O)c1ccc(Br)c(Br)c1,False,,85e4af58-6d1e-49cb-88bd-7efe7773bb64
eb2522e5-2b33-4edc-b6a5-b4e1fbd7839d,2022-01-18T13:16:15.236070,2022-01-18T13:16:15.236070,C049,FC(F)(F)Oc1cc(Br)cc(Br)c1,False,,85e4af58-6d1e-49cb-88bd-7efe7773bb64
8d05c14d-fb3d-40b6-b2e2-7c56e250291e,2022-01-18T13:16:23.449785,2022-01-18T13:16:23.449785,C050,FC(F)(F)c1cc(Br)cc(Br)c1,False,,85e4af58-6d1e-49cb-88bd-7efe7773bb64
426661c1-19f9-498d-a339-ec5d9b0fa9f4,2022-01-18T13:16:31.703645,2022-01-18T13:16:31.703645,C051,COC(=O)c1nc(N)c(Br)cc1Br,False,,85e4af58-6d1e-49cb-88bd-7efe7773bb64
3b25f007-8daa-4f50-97b6-b5c4741683d7,2022-01-18T13:16:40.176459,2022-01-18T13:16:40.176459,C052,CS(=O)(=O)c1cc(Br)cc(Br)c1,False,,85e4af58-6d1e-49cb-88bd-7efe7773bb64
f9bc9a1d-bcae-4b3a-ab8a-bb0d537eedfb,2022-01-18T13:16:48.463316,2022-01-18T13:16:48.463316,C053,Brc1cc(Br)cc(Oc2ccccc2)c1,False,,85e4af58-6d1e-49cb-88bd-7efe7773bb64
1d418ffa-ecf0-4b48-9852-697897c045fc,2022-01-18T13:16:56.815176,2022-01-18T13:16:56.815176,C054,CC(C)(C)c1cc(Br)cc(Br)c1,False,,85e4af58-6d1e-49cb-88bd-7efe7773bb64
27050448-710b-4bb1-bfbf-d490abb39a68,2022-01-18T13:17:05.804175,2022-01-18T13:17:05.804175,C055,Cc1c(Br)ccc(Br)c1C,False,,85e4af58-6d1e-49cb-88bd-7efe7773bb64
4e8ea2c3-ee5d-456b-88a8-44ff37e38c4f,2022-01-18T13:17:14.402715,2022-01-18T13:17:14.402715,C056,CCCCCCCCCCOc1cc(Br)c(OCCCCCCCCCC)cc1Br,False,,85e4af58-6d1e-49cb-88bd-7efe7773bb64
a6cba4b9-19c7-4d91-87b7-e3ab86952c58,2022-01-18T13:17:23.060737,2022-01-18T13:17:23.060737,C057,CCc1cc(Br)c(CC)cc1Br,False,,85e4af58-6d1e-49cb-88bd-7efe7773bb64
6fd4d7a4-b771-4a33-a660-9dd247185b78,2022-01-18T13:17:31.950628,2022-01-18T13:17:31.950628,C058,CCCCCCc1cc(Br)c(CCCCCC)cc1Br,False,,85e4af58-6d1e-49cb-88bd-7efe7773bb64
be464ffd-4574-47b3-b3e0-a962cd8762cd,2022-01-18T13:17:40.563116,2022-01-18T13:17:40.563116,C059,CCc1cc(Br)ccc1Br,False,,85e4af58-6d1e-49cb-88bd-7efe7773bb64
abec34ba-3d7c-49f2-bdd7-c44fb1d3e8ad,2022-01-18T13:17:49.202869,2022-01-18T13:17:49.202869,C060,Fc1cc(Br)cc(F)c1Br,False,,85e4af58-6d1e-49cb-88bd-7efe7773bb64
533f2297-ef24-4a3e-8c8b-4ae606d56288,2022-01-18T13:17:57.772471,2022-01-18T13:17:57.772471,C061,Brc1ccc(Br)c2ccccc12,False,,85e4af58-6d1e-49cb-88bd-7efe7773bb64
b01255cd-0e63-4dd0-9fcd-3b0bcda4ff2a,2022-01-18T13:18:05.880396,2022-01-18T13:18:05.880396,C062,Fc1c(Br)cc(Br)c(F)c1F,False,,85e4af58-6d1e-49cb-88bd-7efe7773bb64
ebcd79a7-f8ee-4c45-a282-600776cc39ee,2022-01-18T13:18:32.395247,2022-01-18T13:18:32.395247,C065,Cc1csc(Br)c1Br,False,,85e4af58-6d1e-49cb-88bd-7efe7773bb64
b92b0cf5-783c-4b1e-ac23-df00093ddace,2022-01-18T13:18:40.690283,2022-01-18T13:18:40.690283,C066,Cc1cnc(Br)c(Br)c1,False,,85e4af58-6d1e-49cb-88bd-7efe7773bb64
2f46494a-8fab-45d6-86f3-e594a1de3af2,2022-01-18T13:18:49.310949,2022-01-18T13:18:49.310949,C067,COc1cccc(Br)c1Br,False,,85e4af58-6d1e-49cb-88bd-7efe7773bb64
92f753f3-e692-493b-9b61-f48012c52e81,2022-01-18T13:18:57.699624,2022-01-18T13:18:57.699624,C068,Brc1sc2ccccc2c1Br,False,,85e4af58-6d1e-49cb-88bd-7efe7773bb64
9451279f-61f4-43d2-b630-70ee38698d34,2022-01-18T13:19:06.510873,2022-01-18T13:19:06.510873,C069,Brc1ccoc1Br,False,,85e4af58-6d1e-49cb-88bd-7efe7773bb64
56573d63-09dd-4539-9429-c33fe188d808,2022-01-18T13:19:15.028733,2022-01-18T13:19:15.028733,C070,Brc1ccsc1Br,False,,85e4af58-6d1e-49cb-88bd-7efe7773bb64
e290d27f-f2df-4926-accb-78d44fbcf3c8,2022-01-18T13:19:23.372035,2022-01-18T13:19:23.372035,C071,Fc1ccc(Br)cc1Br,False,,85e4af58-6d1e-49cb-88bd-7efe7773bb64
0cdc3d42-0a0b-44de-8169-75dc881153d4,2022-01-18T13:19:32.438095,2022-01-18T13:19:32.438095,C072,CSc1cc(F)c(Br)cc1Br,False,,85e4af58-6d1e-49cb-88bd-7efe7773bb64
b3761ed1-2689-49c3-82f9-93ef5c85a922,2022-01-18T13:19:40.647525,2022-01-18T13:19:40.647525,C073,Nc1c(Br)cc(Br)cc1C(F)(F)F,False,,85e4af58-6d1e-49cb-88bd-7efe7773bb64
55336b4a-efb3-4500-8cb9-919fe65ccc67,2022-01-18T13:19:48.840129,2022-01-18T13:19:48.840129,C074,Cc1cc(Br)cc(Br)c1O,False,,85e4af58-6d1e-49cb-88bd-7efe7773bb64
1d975668-996e-4368-9852-3e019f7c339b,2022-01-18T13:20:13.417862,2022-01-18T13:20:13.417862,C077,CNc1ccc(Br)cc1Br,False,,85e4af58-6d1e-49cb-88bd-7efe7773bb64
9aa04dfe-4b50-44f8-8cca-f582e340fa92,2022-01-18T13:20:21.632820,2022-01-18T13:20:21.632820,C078,Brc1csc(Br)n1,False,,85e4af58-6d1e-49cb-88bd-7efe7773bb64
b8aa4453-9c87-420b-b728-0776a28fe7bc,2022-01-18T13:20:45.980747,2022-01-18T13:20:45.980747,C081,CCCCCCc1c(Br)sc(Br)c1CCCCCC,False,,85e4af58-6d1e-49cb-88bd-7efe7773bb64
a6457c59-05c1-4e3e-ab60-cbb9e283740f,2022-01-18T13:21:18.965499,2022-01-18T13:21:18.965499,C085,CCCCCCCCCCCCc1cc(Br)sc1Br,False,,85e4af58-6d1e-49cb-88bd-7efe7773bb64
5e4a15d4-0894-4b3f-987c-f800cb8a4d28,2022-01-18T13:21:27.269845,2022-01-18T13:21:27.269845,C086,CCCCCCc1cc(Br)sc1Br,False,,85e4af58-6d1e-49cb-88bd-7efe7773bb64
e1408d83-28ed-4df0-a7bb-f77db56f4dcd,2022-01-18T13:22:00.062564,2022-01-18T13:22:00.062564,C090,COc1cc(Br)c(F)cc1Br,False,,85e4af58-6d1e-49cb-88bd-7efe7773bb64
a0dfd0e5-5d1b-45de-b92e-75f63b5b6f1b,2022-01-18T13:22:24.464907,2022-01-18T13:22:24.464907,C093,NS(=O)(=O)c1cc(Br)ccc1Br,False,,85e4af58-6d1e-49cb-88bd-7efe7773bb64
e8628076-0287-4540-b2f3-1e72dbde1f94,2022-01-18T13:22:32.689200,2022-01-18T13:22:32.689200,C094,Brc1ccc(Br)o1,False,,85e4af58-6d1e-49cb-88bd-7efe7773bb64
f09a7991-2c0e-4371-ab23-028a6188f9c0,2022-01-18T13:22:48.919881,2022-01-18T13:22:48.919881,C096,O=C(O)c1cc(Br)ncc1Br,False,,85e4af58-6d1e-49cb-88bd-7efe7773bb64
19e463e9-1db3-4748-940e-0419b4686612,2022-01-18T13:22:57.089648,2022-01-18T13:22:57.089648,C097,Brc1cnc(Br)cn1,False,,85e4af58-6d1e-49cb-88bd-7efe7773bb64
2c4a91c1-54ab-4fbf-b0b6-4573788c356b,2022-01-18T13:23:05.354189,2022-01-18T13:23:05.354189,C098,Brc1ccc(Br)nc1,False,,85e4af58-6d1e-49cb-88bd-7efe7773bb64
8cbd5bd7-263b-46cb-aad3-a6613159f32b,2022-01-18T13:23:14.667076,2022-01-18T13:23:14.667076,C099,O=C(O)c1cc(Br)c(C(=O)O)cc1Br,False,,85e4af58-6d1e-49cb-88bd-7efe7773bb64
59edf1dc-979a-4b52-95ca-856ef07bc533,2022-01-18T13:23:40.589843,2022-01-18T13:23:40.589843,C101,O=C(O)c1c(Br)sc(Br)c1C(=O)O,False,,85e4af58-6d1e-49cb-88bd-7efe7773bb64
c9253413-edb0-475c-86af-b2be859c1775,2022-01-18T13:24:05.613424,2022-01-18T13:24:05.613424,C104,Oc1c(Br)cc(F)cc1Br,False,,85e4af58-6d1e-49cb-88bd-7efe7773bb64
2db9ffef-c214-4d87-a08f-080466f60264,2022-01-18T13:24:13.744224,2022-01-18T13:24:13.744224,C105,COc1c(Br)cc(C)cc1Br,False,,85e4af58-6d1e-49cb-88bd-7efe7773bb64
64206442-5d34-4921-ae4c-63d0fd28c738,2022-01-18T13:24:55.581316,2022-01-18T13:24:55.581316,C110,NC(=O)c1ccc(Br)nc1Br,False,,85e4af58-6d1e-49cb-88bd-7efe7773bb64
98029346-351f-4cf8-9fe2-d6e9a3a2152c,2022-01-18T13:25:03.803602,2022-01-18T13:25:03.803602,C111,Nc1c(C(=O)O)cc(Br)c(F)c1Br,False,,85e4af58-6d1e-49cb-88bd-7efe7773bb64
17ac0b7b-ccef-4dbf-aa75-7c931702ce8a,2022-01-18T13:25:28.752483,2022-01-18T13:25:28.752483,C114,CC(C)(C)n1cc(Br)c(Br)n1,False,,85e4af58-6d1e-49cb-88bd-7efe7773bb64
b025a5e8-8ed6-4c56-a6c6-8a310eb26dcc,2022-01-18T13:25:37.247026,2022-01-18T13:25:37.247026,C115,Brc1cocc1Br,False,,85e4af58-6d1e-49cb-88bd-7efe7773bb64
b0ee7203-c40b-4f5b-9b32-c647bd61ddf1,2022-01-18T13:25:45.623169,2022-01-18T13:25:45.623169,C116,O=C(O)c1scc(Br)c1Br,False,,85e4af58-6d1e-49cb-88bd-7efe7773bb64
779e80b1-0573-4f7b-8a64-604b03954b1e,2022-01-18T13:25:54.388405,2022-01-18T13:25:54.388405,C117,Fc1ncc(Br)cc1Br,False,,85e4af58-6d1e-49cb-88bd-7efe7773bb64
b5a10885-9960-47ae-a4c5-f32cd3a60b2e,2022-01-18T13:18:14.042803,2022-01-18T13:18:14.042803,C063,Brc1ccc(OCC2CCCCO2)c(Br)c1,False,,85e4af58-6d1e-49cb-88bd-7efe7773bb64
3ccf2990-d236-407f-8c37-c1c472f505d8,2022-01-18T13:18:22.693128,2022-01-18T13:18:22.693128,C064,N#CCc1cc(Br)ccc1Br,False,,85e4af58-6d1e-49cb-88bd-7efe7773bb64
325b6e7f-facb-4d1d-a1ac-c85de0997ffd,2022-01-18T13:19:56.889888,2022-01-18T13:19:56.889888,C075,O=C(O)Cc1ccc(Br)cc1Br,False,,85e4af58-6d1e-49cb-88bd-7efe7773bb64
057bf022-0349-4141-9367-9d62f16003dc,2022-01-18T13:20:05.091607,2022-01-18T13:20:05.091607,C076,N#Cc1ccc(Br)cc1Br,False,,85e4af58-6d1e-49cb-88bd-7efe7773bb64
a32656ec-d70c-42f5-918f-f6609fe2a759,2022-01-18T13:20:29.653871,2022-01-18T13:20:29.653871,C079,Cc1ccc(Br)cc1Br,False,,85e4af58-6d1e-49cb-88bd-7efe7773bb64
eda5a7bc-ef6b-49e5-9797-4f067dd2d882,2022-01-18T13:20:37.846790,2022-01-18T13:20:37.846790,C080,Brc1nnc(Br)s1,False,,85e4af58-6d1e-49cb-88bd-7efe7773bb64
c6b6b086-7f2a-40d9-a420-d3f03803ed4b,2022-01-18T13:20:54.197562,2022-01-18T13:20:54.197562,C082,CCCCc1cc(Br)sc1Br,False,,85e4af58-6d1e-49cb-88bd-7efe7773bb64
44af7420-43ad-4407-8db9-c564e8daec4e,2022-01-18T13:21:02.434665,2022-01-18T13:21:02.434665,C083,Brc1cc(C2CCCCC2)c(Br)s1,False,,85e4af58-6d1e-49cb-88bd-7efe7773bb64
f1f3e914-8154-4d6e-a89d-2e64f29671a2,2022-01-18T13:21:10.645116,2022-01-18T13:21:10.645116,C084,CCCCCCCCCCc1cc(Br)sc1Br,False,,85e4af58-6d1e-49cb-88bd-7efe7773bb64
3092092e-6bfe-4831-8b42-54f3c51781bd,2022-01-18T13:21:35.460946,2022-01-18T13:21:35.460946,C087,Cc1cc(Br)sc1Br,False,,85e4af58-6d1e-49cb-88bd-7efe7773bb64
41d901c4-a5bf-4b9a-a2c8-781cca5dde43,2022-01-18T13:21:43.721608,2022-01-18T13:21:43.721608,C088,CCCCCCCCc1cc(Br)sc1Br,False,,85e4af58-6d1e-49cb-88bd-7efe7773bb64
c456b99c-1e3c-4623-8230-a0db1c85555c,2022-01-18T13:21:51.933557,2022-01-18T13:21:51.933557,C089,Cc1cc(Br)cnc1Br,False,,85e4af58-6d1e-49cb-88bd-7efe7773bb64
ca54573c-46ab-4104-a690-4cd8113e4ca5,2022-01-18T13:22:08.067422,2022-01-18T13:22:08.067422,C091,COc1cc(Br)ncc1Br,False,,85e4af58-6d1e-49cb-88bd-7efe7773bb64
b074775e-95d5-43a7-bbbd-1a0840a3ddf5,2022-01-18T13:22:16.283676,2022-01-18T13:22:16.283676,C092,Cc1cc(Br)ncc1Br,False,,85e4af58-6d1e-49cb-88bd-7efe7773bb64
81bc9e56-7db5-49dc-9622-1bfefe4fad12,2022-01-18T13:22:40.723094,2022-01-18T13:22:40.723094,C095,CC(C)[Si](C(C)C)(C(C)C)n1cc(Br)c(Br)c1,False,,85e4af58-6d1e-49cb-88bd-7efe7773bb64
bcbe7386-27ed-47a1-8716-d443366626cb,2022-01-18T13:23:27.039457,2022-01-18T13:23:27.039457,C100,Brc1cnc(Br)s1,False,,85e4af58-6d1e-49cb-88bd-7efe7773bb64
4c7c148e-8431-4e5e-a3b9-e4a7bb487080,2022-01-18T13:23:49.182374,2022-01-18T13:23:49.182374,C102,Nc1c(Br)cc(OC(F)(F)F)cc1Br,False,,85e4af58-6d1e-49cb-88bd-7efe7773bb64
1237a505-6c65-46f9-9e7a-ceab2b364735,2022-01-18T13:23:57.283517,2022-01-18T13:23:57.283517,C103,Nc1c(Br)cc(F)cc1Br,False,,85e4af58-6d1e-49cb-88bd-7efe7773bb64
11399bf7-b43e-4425-8d0c-fd1d34fff40d,2022-01-18T13:24:21.926332,2022-01-18T13:24:21.926332,C106,CC(C)(C)c1cc(Br)c(N)c(Br)c1,False,,85e4af58-6d1e-49cb-88bd-7efe7773bb64
1a0aad4a-c2dd-48d9-b7a6-84c07bf6f83e,2022-01-18T13:24:31.102957,2022-01-18T13:24:31.102957,C107,Nc1c(Br)cccc1Br,False,,85e4af58-6d1e-49cb-88bd-7efe7773bb64
a8005edf-cc4c-47a4-a962-b4ffbac6c094,2022-01-18T13:24:39.216223,2022-01-18T13:24:39.216223,C108,N#Cc1c(Br)cccc1Br,False,,85e4af58-6d1e-49cb-88bd-7efe7773bb64
b799eaee-4a92-474f-a944-60b7889baf9f,2022-01-18T13:24:47.402707,2022-01-18T13:24:47.402707,C109,CC(C)(C)OC(=O)n1nc(Br)nc1Br,False,,85e4af58-6d1e-49cb-88bd-7efe7773bb64
5b2cd465-322c-427c-bdc5-1a4e0d6684b9,2022-01-18T13:25:12.076903,2022-01-18T13:25:12.076903,C112,Cc1nc(N)c(Br)nc1Br,False,,85e4af58-6d1e-49cb-88bd-7efe7773bb64
aae5f35f-1555-4c00-889c-3dc10d427a4a,2022-01-18T13:25:20.154461,2022-01-18T13:25:20.154461,C113,Nc1ncc(Br)nc1Br,False,,85e4af58-6d1e-49cb-88bd-7efe7773bb64
30238652-7000-40fc-b90a-ded824511f53,2022-01-18T13:26:03.133304,2022-01-18T13:26:03.133304,C118,COc1ncc(Br)cc1Br,False,,85e4af58-6d1e-49cb-88bd-7efe7773bb64
17738c00-d128-476a-a59a-ea0363b65fb0,2022-01-18T13:26:11.324322,2022-01-18T13:26:11.324322,C119,COc1c(Br)cc(N)cc1Br,False,,85e4af58-6d1e-49cb-88bd-7efe7773bb64
918c4802-e385-4e0d-bd03-32df2949d421,2022-01-18T13:26:19.941792,2022-01-18T13:26:19.941792,C120,Nc1nc(F)c(Br)cc1Br,False,,85e4af58-6d1e-49cb-88bd-7efe7773bb64
e10ae2cd-e8ad-499f-a9cb-6a0ca1b92a1c,2022-01-18T13:26:28.391875,2022-01-18T13:26:28.391875,C121,Cc1nc(NN)c(Br)cc1Br,False,,85e4af58-6d1e-49cb-88bd-7efe7773bb64
14355607-a3b7-4e05-a9fb-0dcbc34cd4cd,2022-01-18T13:26:36.799082,2022-01-18T13:26:36.799082,C122,COc1cc(Br)cc(Br)c1,False,,85e4af58-6d1e-49cb-88bd-7efe7773bb64
d42282bd-2948-4c77-8731-733340478277,2022-01-18T13:26:45.015942,2022-01-18T13:26:45.015942,C123,N#Cc1cc(Br)cc(Br)c1,False,,85e4af58-6d1e-49cb-88bd-7efe7773bb64
bf582d0c-a952-4c60-9b32-28cb12f73914,2022-01-18T13:26:53.391500,2022-01-18T13:26:53.391500,C124,OCc1cc(Br)cc(Br)c1,False,,85e4af58-6d1e-49cb-88bd-7efe7773bb64
db24e212-5466-4215-9b5e-9029612a5002,2022-01-18T13:27:02.085030,2022-01-18T13:27:02.085030,C125,Oc1cc(Br)cc(Br)c1,False,,85e4af58-6d1e-49cb-88bd-7efe7773bb64
f56e5385-fd3a-460d-b7b3-38f1ca8a978d,2022-01-18T13:27:11.536659,2022-01-18T13:27:11.536659,C126,N#Cc1ncc(Br)cc1Br,False,,85e4af58-6d1e-49cb-88bd-7efe7773bb64
c8b8b085-6e62-4ae3-922c-c7f417d9b4f2,2022-01-18T13:27:20.027400,2022-01-18T13:27:20.027400,C127,O=C(O)c1c(Br)cncc1Br,False,,85e4af58-6d1e-49cb-88bd-7efe7773bb64
6f034aaa-b93f-4248-8b50-ba96a50885e8,2022-01-18T13:27:28.481147,2022-01-18T13:27:28.481147,C128,Cc1nc(Br)ccc1Br,False,,85e4af58-6d1e-49cb-88bd-7efe7773bb64
e084c2d0-56b7-4895-904e-a691716295ce,2022-01-18T13:27:36.952166,2022-01-18T13:27:36.952166,C129,Cc1cc(Br)nnc1Br,False,,85e4af58-6d1e-49cb-88bd-7efe7773bb64
fb544fb8-5588-41af-ab92-fcc8c3b4e052,2022-01-18T13:27:45.565477,2022-01-18T13:27:45.565477,C130,CCCCCCN1c2ccc(Br)cc2Sc2cc(Br)ccc21,False,,85e4af58-6d1e-49cb-88bd-7efe7773bb64
7c721140-9865-4689-827c-060c60c7dcb0,2022-01-18T13:27:53.578963,2022-01-18T13:27:53.578963,C131,CC(=O)Nc1n[nH]c(Br)c1Br,False,,85e4af58-6d1e-49cb-88bd-7efe7773bb64
420a3044-2608-4ec5-bf11-aca784673a49,2022-01-18T13:28:02.141731,2022-01-18T13:28:02.141731,C132,Cc1nn(C)c(Br)c1Br,False,,85e4af58-6d1e-49cb-88bd-7efe7773bb64
4ead2dd2-5d50-4b80-bd30-a25b70c2ca22,2022-01-18T13:28:10.130777,2022-01-18T13:28:10.130777,C133,Cn1nnc(Br)c1Br,False,,85e4af58-6d1e-49cb-88bd-7efe7773bb64
88a0d73c-fb82-470d-a917-33e709448be5,2022-01-18T13:28:18.529306,2022-01-18T13:28:18.529306,C134,O=C(O)c1cc(Br)c(Br)o1,False,,85e4af58-6d1e-49cb-88bd-7efe7773bb64
37620557-0bb6-4ce1-bd59-61763bc8d542,2022-01-18T13:28:27.367723,2022-01-18T13:28:27.367723,C135,Nc1[nH]nc(Br)c1Br,False,,85e4af58-6d1e-49cb-88bd-7efe7773bb64
769b14f4-bf36-4058-b711-31ad547cf37f,2022-01-18T13:28:35.740611,2022-01-18T13:28:35.740611,C136,COc1c(Br)cc(Br)c(F)c1F,False,,85e4af58-6d1e-49cb-88bd-7efe7773bb64
02ed734e-eec5-4565-b569-2bfef6528729,2022-01-18T13:28:43.775715,2022-01-18T13:28:43.775715,C137,Oc1c(Br)cc(Br)c(F)c1F,False,,85e4af58-6d1e-49cb-88bd-7efe7773bb64
2cb2c4f3-c5a0-4b7b-aaca-ff001a85865f,2022-01-18T13:28:52.215345,2022-01-18T13:28:52.215345,C138,Nc1c(Br)cc2nc[nH]c2c1Br,False,,85e4af58-6d1e-49cb-88bd-7efe7773bb64
9e73a154-7311-450d-8e6f-be3472838fd2,2022-01-18T13:29:00.976364,2022-01-18T13:29:00.976364,C139,S=c1[nH]c2c(Br)cc(Br)cc2o1,False,,85e4af58-6d1e-49cb-88bd-7efe7773bb64
40453e90-c496-49bc-b27b-5268457a6e2f,2022-01-18T13:29:09.380816,2022-01-18T13:29:09.380816,C140,O=C(O)c1cnc(Br)cc1Br,False,,85e4af58-6d1e-49cb-88bd-7efe7773bb64
7bbc65ae-1d3f-449d-b2c2-b0d5946b7c21,2022-01-18T13:29:17.901004,2022-01-18T13:29:17.901004,C141,Nc1nnc(Br)cc1Br,False,,85e4af58-6d1e-49cb-88bd-7efe7773bb64
666dd0b3-45d0-43eb-ad8a-70801671e570,2022-01-18T13:29:26.529279,2022-01-18T13:29:26.529279,C142,Brc1ccc(Br)c2[nH]ccc12,False,,85e4af58-6d1e-49cb-88bd-7efe7773bb64
fe785a91-69bf-4cdc-96fa-b72bcd6443ed,2022-01-18T13:29:34.896156,2022-01-18T13:29:34.896156,C143,Brc1ccc(Br)c2n[se]nc12,False,,85e4af58-6d1e-49cb-88bd-7efe7773bb64
d83b8577-2195-4120-8100-2287eb8cfb29,2022-01-18T13:29:43.181558,2022-01-18T13:29:43.181558,C144,Fc1c(F)c(Br)c2nsnc2c1Br,False,,85e4af58-6d1e-49cb-88bd-7efe7773bb64
9473dbca-8266-422e-8023-37f07fc99b08,2022-01-18T13:30:06.693113,2022-01-18T13:30:06.693113,C145,Brc1ccc(/C=C/c2ccc(Br)cc2)cc1,False,,85e4af58-6d1e-49cb-88bd-7efe7773bb64
07080a97-66f4-4627-a94f-e1911484376b,2022-01-18T13:30:15.213263,2022-01-18T13:30:15.213263,C146,Brc1ccc(-c2ccc(Br)s2)s1,False,,85e4af58-6d1e-49cb-88bd-7efe7773bb64
69f271b5-ae49-4c30-b083-bff855726a65,2022-01-18T13:30:23.373986,2022-01-18T13:30:23.373986,C147,Brc1cc2nsnc2cc1Br,False,,85e4af58-6d1e-49cb-88bd-7efe7773bb64
28bdc7d5-2ce5-4a39-b305-d97b8cb8969f,2022-01-18T13:30:31.665473,2022-01-18T13:30:31.665473,C148,O=c1[nH]cnc2[nH]c(Br)c(Br)c12,False,,85e4af58-6d1e-49cb-88bd-7efe7773bb64
4ebc04ee-00c7-4928-a2b1-9b59ff370cd8,2022-01-18T13:30:40.460631,2022-01-18T13:30:40.460631,C149,O=C1Nc2c(Br)cc(Br)cc2C1=O,False,,85e4af58-6d1e-49cb-88bd-7efe7773bb64
3636f5f5-df65-4bb7-80df-ee87e6c485a2,2022-01-18T13:30:48.513070,2022-01-18T13:30:48.513070,C150,COc1cc(Br)c2ncccc2c1Br,False,,85e4af58-6d1e-49cb-88bd-7efe7773bb64
619619d4-eb8d-46aa-8ad0-54874216c6e5,2022-01-18T13:30:57.029877,2022-01-18T13:30:57.029877,C151,Brc1cc(Br)c2nccn2c1,False,,85e4af58-6d1e-49cb-88bd-7efe7773bb64
259dca8d-9cbc-4db1-8fd8-91965f2da7d4,2022-01-18T13:31:05.081810,2022-01-18T13:31:05.081810,C152,Brc1cc(Br)c2nccn2n1,False,,85e4af58-6d1e-49cb-88bd-7efe7773bb64
804255bc-a172-4905-a2cb-e3e0a70b2f92,2022-01-18T13:31:13.569910,2022-01-18T13:31:13.569910,C153,O=C(O)CCCCCCOc1cc(Br)cc(Br)c1,False,,85e4af58-6d1e-49cb-88bd-7efe7773bb64
724c6564-5f4d-4564-9382-1235551899ed,2022-01-18T13:31:21.768605,2022-01-18T13:31:21.768605,C154,Brc1cc(Br)cc(N2CCC3(CC2)OCCO3)c1,False,,85e4af58-6d1e-49cb-88bd-7efe7773bb64
c5b94467-2ff2-4709-9dfc-359d6cc132fe,2022-01-18T13:31:29.950901,2022-01-18T13:31:29.950901,C155,COC(=O)c1cc(Br)c(C(=O)OC)cc1Br,False,,85e4af58-6d1e-49cb-88bd-7efe7773bb64
d738afb7-baee-45dc-8369-51032110d5b5,2022-01-18T13:31:38.284789,2022-01-18T13:31:38.284789,C156,CCOC(=O)c1nc(Br)oc1Br,False,,85e4af58-6d1e-49cb-88bd-7efe7773bb64
c1e5ad37-d70f-43df-9675-9e8bc02788cf,2022-01-18T13:31:46.740645,2022-01-18T13:31:46.740645,C157,CCOC(=O)c1cc(Br)oc1Br,False,,85e4af58-6d1e-49cb-88bd-7efe7773bb64
fc39568a-3cb8-4cd1-b62c-10606e145a76,2022-01-18T13:31:55.009179,2022-01-18T13:31:55.009179,C158,COC(=O)c1cc(Br)oc1Br,False,,85e4af58-6d1e-49cb-88bd-7efe7773bb64
12ddaa1d-2f43-4549-b188-1a404ef0ae29,2022-01-18T13:32:03.139241,2022-01-18T13:32:03.139241,C159,COC(=O)c1cc(Br)cnc1Br,False,,85e4af58-6d1e-49cb-88bd-7efe7773bb64
18f33cf6-0027-4a2e-9adb-ed81b90c28b1,2022-01-18T13:32:11.446447,2022-01-18T13:32:11.446447,C160,COC(=O)c1cc(Br)c(F)c(Br)c1N,False,,85e4af58-6d1e-49cb-88bd-7efe7773bb64
53504ca5-0100-4358-b958-f62002bd024d,2022-01-18T13:32:19.841585,2022-01-18T13:32:19.841585,C161,COC(=O)c1cc(Br)c(Br)[nH]1,False,,85e4af58-6d1e-49cb-88bd-7efe7773bb64
