smiles,Gain Cross Section (cm^2),Quantum Yield,Emission Lifetime (ns),Spectral Gain Factor (cm^2 s),Emission Wavelength (nm)
FC(F)(F)c1cc(-c2cc3cc(-c4ccc(-n5c6ccccc6c6ccccc65)cc4)ccc3o2)ccc1-c1cc2cc(-c3ccc(-n4c5ccccc5c5ccccc54)cc3)ccc2o1,5.1726560265128583e-17,0.49300093137705725,1.3314311907951495,3.4878229790032494e-25,406.42412516191064
O=S(=O)(F)c1cc(-c2cc3cc(-c4ccc(-n5c6ccccc6c6ccccc65)cc4)ccc3o2)ccc1-c1cc2cc(-c3ccc(-n4c5ccccc5c5ccccc54)cc3)ccc2o1,1.417153389674886e-17,0.15595048135422382,1.6286664134289972,3.346638518342965e-25,392.4421243526405
Fc1c(F)c(-c2c(F)c(F)c(/C=C/c3ccc(-n4c5ccccc5c5ccccc54)cc3)c(F)c2F)c(F)c(F)c1/C=C/c1ccc(-n2c3ccccc3c3ccccc32)cc1,6.009277841515413e-17,0.49901794389327836,2.6058556280711582,7.757628153961426e-25,543.4018242255393
COC(=O)c1cc(-c2ccnc(-c3cccc(N(c4ccccc4)c4ccccc4)c3)c2)c(-c2ccnc(-c3cccc(N(c4ccccc4)c4ccccc4)c3)c2)[nH]1,9.515641612434938e-20,0.007821930635923492,nan,nan,nan
Fc1cc(C=Cc2ccc(-n3c4ccccc4c4ccccc43)cc2)ccc1C=Cc1ccc(-n2c3ccccc3c3ccccc32)cc1,1.5325886782197028e-16,0.9302109511726679,1.618204666941804,6.384730330747636e-25,471.3568905299264
O=[N+]([O-])c1cc(C=Cc2ccc(-n3c4ccccc4c4ccccc43)cc2)ccc1C=Cc1ccc(-n2c3ccccc3c3ccccc32)cc1,1.0776494404449288e-16,0.6641509917173598,1.5886947692388766,5.800075756165507e-25,445.9097631866412
CCn1c2ccccc2c2cc(-c3ccc(C(F)(F)F)cc3-c3cc(C)c(-c4cc(C(F)(F)F)ccc4-c4ccc5c(c4)c4ccccc4n5CC)nn3)ccc21,1.8752833696969275e-20,0.009287509942027362,nan,nan,nan
c1ccc(-c2ccccc2-c2cc3cc(-c4ccc(-n5c6ccccc6c6ccccc65)cc4)ccc3o2)c(-c2cc3cc(-c4ccc(-n5c6ccccc6c6ccccc65)cc4)ccc3o2)c1,5.513460588596359e-17,0.4208552159043451,1.1865228063942794,4.1322010326599467e-25,385.4421431325997
CC1(C)c2cc(/C=C/c3ccc(-n4c5ccccc5c5ccccc54)cc3)ccc2-c2ccc(/C=C/c3ccc(-n4c5ccccc5c5ccccc54)cc3)cc21,2.616549502014667e-16,0.9124158524133581,1.034582032836112,6.693098235725357e-25,445.9097631866412
CC(C)(C)OC(=O)n1ccc2cc(-c3cccc(-c4ccccc4-c4ccccc4-c4cccc(-c5ccc6c(ccn6C(=O)OC(C)(C)C)c5)c4F)c3F)ccc21,5.733008471174743e-20,0.004569711177752539,nan,nan,nan
CCOc1c(-c2ccc(N(c3ccc(C)cc3)c3ccc(C)cc3)cc2)cc(Cl)cc1-c1csc(C(=O)O)c1-c1cc(Cl)cc(-c2ccc(N(c3ccc(C)cc3)c3ccc(C)cc3)cc2)c1OCC,2.1639344841299416e-17,0.22031054543477424,2.6716958001694495,6.221990319629369e-25,472.8965552730122
Cc1ccc(N(c2ccc(C)cc2)c2ccc(-c3cncc(-c4ccc(-c5cncc(-c6ccc(N(c7ccc(C)cc7)c7ccc(C)cc7)cc6)c5)c(C(=O)O)c4)c3)cc2)cc1,1.1194449949479364e-18,0.00923694826099022,2.3376841378394806,6.714142248132331e-25,498.2583714840311
COc1c(-c2cccnc2-c2ccc3c(c2)c2ccccc2n3-c2ccccc2)cc(N)cc1-c1cccnc1-c1ccc2c(c1)c1ccccc1n2-c1ccccc1,1.808897058734984e-20,0.0017198398329239587,nan,nan,nan
COC(=O)c1cc(-c2ccc(-c3ccc4c(ccn4C)c3)cc2C)c(-c2ccc(-c3ccc4c(ccn4C)c3)cc2C)[nH]1,9.49934534717e-20,0.0033158411053426325,nan,nan,nan
Fc1cc(-c2cc(C(F)(F)F)ccc2-c2ccc3c(c2)c2cc(-c4ccccc4)ccc2n3-c2ccccc2)c(F)cc1-c1cc(C(F)(F)F)ccc1-c1ccc2c(c1)c1cc(-c3ccccc3)ccc1n2-c1ccccc1,4.3016710928976347e-17,0.3233529516525732,1.673855165190682,5.178895654193229e-25,444.3649274137839
Cc1c(-c2ccc(-c3ccc4c(ccn4C)c3)nc2)ccc(-c2ccc(-c3ccc4c(ccn4C)c3)nc2)c1C,1.1013158570614481e-20,0.0024181893778964817,nan,nan,nan
COc1cc(-c2ccc(N3c4ccccc4Oc4ccccc43)cc2)cc(-c2nnc(-c3cc(OC)cc(-c4ccc(N5c6ccccc6Oc6ccccc65)cc4)c3)s2)c1,3.9489944720958974e-20,0.0011113566824326603,nan,nan,nan
CCn1c2ccccc2c2cc(-c3cc(C)c(F)c(-c4cc(OC)cc(-c5cc(-c6ccc7c(c6)c6ccccc6n7CC)cc(C)c5F)c4)c3)ccc21,3.1529019111613995e-17,0.10430228575475942,1.3684297396895493,9.307255922779145e-25,386.2202145070444
Cc1cc(-c2ccc(-c3ccc(-c4ccc(N5c6ccccc6Sc6ccccc65)cc4)s3)s2)nnc1-c1ccc(-c2ccc(-c3ccc(N4c5ccccc5Sc5ccccc54)cc3)s2)s1,9.919335675217371e-17,0.1616319555238055,0.605915902517283,8.395063712817443e-25,474.4359245684383
CN(C)c1ccc(-c2ccc(C(F)(F)F)cc2-c2ccc(-c3cc(C(F)(F)F)ccc3-c3ccc(N(C)C)cc3)o2)cc1,7.067557423558119e-18,0.1216881520321248,2.1581235801560656,5.640238431107182e-25,455.172571993872
Cc1cc(-c2ccc(N(C(=O)OC(C)(C)C)c3ccccc3)cc2)cc(-c2sc(-c3cc(-c4ccc(N(C(=O)OC(C)(C)C)c5ccccc5)cc4)cc(C)c3F)c([N+](=O)[O-])c2[N+](=O)[O-])c1F,1.3030981689366425e-17,0.1009166959291285,1.5204118985321171,4.41731011030688e-25,442.8197961137553
c1ccc2c(c1)c1ccccc1n2-c1ccc(-c2ccc3oc(-c4ccc(-c5cc6cc(-c7ccc(-n8c9ccccc9c9ccccc98)cc7)ccc6o5)c5nccnc45)cc3c2)cc1,6.372779454473451e-17,0.5699138210352444,1.588818896644933,4.037327577088122e-25,466.7361235717311
CCCCc1cc(-c2cc(OC)cc(-c3ccc(N4c5ccccc5Sc5ccccc54)cc3)c2)sc1-c1cc(OC)cc(-c2ccc(N3c4ccccc4Sc4ccccc43)cc2)c1,1.3056326577266353e-17,0.09476384357958852,1.2517019607563666,3.91600620543805e-25,404.87175210362307
Cc1cnc(-c2ccc(-c3ccc(N(C)C)c4ccccc34)s2)c(-c2ccc(-c3ccc(N(C)C)c4ccccc34)s2)c1,2.8925397533409004e-20,0.0010002036021767233,nan,nan,nan
Fc1c(-c2ccc(-c3cc(-c4ccc(N(c5ccccc5)c5ccccc5)cc4)c4ccccc4c3F)c(C(F)(F)F)c2)cc(-c2ccc(N(c3ccccc3)c3ccccc3)cc2)c2ccccc12,5.119873215728053e-20,0.004632317503263258,nan,nan,nan
COc1cc(-c2ccc(N(c3ccccc3)c3ccccc3)cc2)cc(-c2ccc(-c3ccc(-c4cc(OC)cc(-c5ccc(N(c6ccccc6)c6ccccc6)cc5)c4)cc3N)c(N)c2)c1,4.499451913530189e-17,0.41535243012591017,2.2507983145490873,5.761811245670011e-25,428.90031498163364
Cn1ccc2cc(-c3ccsc3-c3cc(C(F)(F)F)c(-c4sccc4-c4ccc5c(ccn5C)c4)cn3)ccc21,1.0639538236410096e-17,0.07866883394205144,1.644688710126303,5.15860986228304e-25,467.5064360604953
Fc1cccc(-c2ccc3c4ccccc4n(-c4ccc(-c5ccccc5)cc4)c3c2)c1-c1ccc(-c2c(F)cccc2-c2ccc3c4ccccc4n(-c4ccc(-c5ccccc5)cc4)c3c2)c2[nH]ccc12,7.378393885352842e-17,0.5298795816478915,1.7452507444709797,5.757958429993727e-25,394.77412088646463
c1ccc(-c2nc3ccccc3n2-c2ccc(-c3ccc(-c4ccc(-c5c6ccccc6c(-c6ccc(-c7ccc(-c8ccc(-n9c(-c%10ccccc%10)nc%10ccccc%109)cc8)s7)s6)c6ccccc56)s4)s3)cc2)cc1,9.152160011292286e-17,0.15352846855169158,0.5831647756053557,7.8218320854013595e-25,474.4359245684383
FC(F)(F)c1cc(/C=C/c2ccc(-c3ccc(-n4c5ccccc5c5ccccc54)cc3)cc2)ncc1/C=C/c1ccc(-c2ccc(-n3c4ccccc4c4ccccc43)cc2)cc1,1.844313699675908e-16,0.7956293363047616,1.0856697285623853,5.733885865101049e-25,443.5923987049346
CCCCCCCCCCOc1cc(-c2sc3ccccc3c2-c2ccc3c(c2)c2ccccc2n3CC)c(OCCCCCCCCCC)cc1-c1sc2ccccc2c1-c1ccc2c(c1)c1ccccc1n2CC,6.724602951778924e-17,0.46167211420544146,1.9285141379239297,6.320309543752173e-25,392.4421243526405
Cc1csc(-c2cc3cc(-c4ccc(N(C)C)cc4)ccc3o2)c1-c1cc2cc(-c3ccc(N(C)C)cc3)ccc2o1,4.7849352305540236e-20,0.0023744735043819964,nan,nan,nan
FC(F)(F)c1ccc(-c2ccc3c4ccccc4n(-c4ccc(-c5ccccc5)cc4)c3c2)c(-c2ccc3ccc(-c4cc(C(F)(F)F)ccc4-c4ccc5c6ccccc6n(-c6ccc(-c7ccccc7)cc6)c5c4)cc3c2)c1,1.793320254901059e-17,0.2553013043141579,3.865824245875154,6.109834462631811e-25,468.27667468358374
O=C(O)CCCCCCOc1cc(-c2cccc(-c3ccc(N4c5ccccc5Sc5ccccc54)cc3)c2F)cc(-c2cccc(-c3ccc(N4c5ccccc5Sc5ccccc54)cc3)c2F)c1,8.95717017460321e-17,0.5147773429232951,1.3712661525231855,5.684070610505926e-25,448.22646274188276
Cc1cc(-c2cc(C(F)(F)F)ccc2-c2ccc3c(ccn3C)c2)nnc1-c1cc(C(F)(F)F)ccc1-c1ccc2c(ccn2C)c1,2.5262632743966858e-20,0.009260182621364632,nan,nan,nan
Cc1cc(-c2cncc(-c3ccc(N(C)C)c4ccccc34)c2)c(C)cc1-c1cncc(-c2ccc(N(C)C)c3ccccc23)c1,3.2426483867566453e-20,0.0014503321188699722,nan,nan,nan
Fc1cc(-c2ccc(N(c3ccccc3)c3ccccc3)cc2)cc(-c2cc(C(F)(F)F)c(-c3cc(F)cc(-c4ccc(N(c5ccccc5)c5ccccc5)cc4)c3)cn2)c1,1.1978750746459771e-17,0.1274196151090297,2.8177009325868783,6.889949371723772e-25,529.656487319634
CN(C)c1ccc(-c2ccc(F)c(F)c2-c2ccc(-c3ccc(-c4ccc(-c5c(-c6ccc(N(C)C)cc6)ccc(F)c5F)s4)s3)s2)cc1,8.448297531947393e-20,0.006120723714605386,nan,nan,nan
COc1cc(-c2cc(-c3ccc(-n4c5cc(OC)ccc5c5ccc(OC)cc54)cc3)ccc2C#N)cc(-c2cc(-c3ccc(-n4c5cc(OC)ccc5c5ccc(OC)cc54)cc3)ccc2C#N)c1,7.065142247218948e-20,0.0055698565133918245,nan,nan,nan
CN(C)c1ccc(-c2cc(F)cc(-c3ccc(-c4cc(F)cc(-c5ccc(N(C)C)cc5)c4)c4nsnc34)c2)cc1,3.7240846591610515e-20,0.001984582708824676,nan,nan,nan
COc1ccc(N(c2ccc(OC)cc2)c2ccc(-c3cccc(-c4cc(-c5cccc(-c6ccc(N(c7ccc(OC)cc7)c7ccc(OC)cc7)cc6)c5)c(OCc5ccccc5)cc4F)c3)cc2)cc1,1.6119510106843246e-17,0.3111242052069109,5.343504165663342,6.66991455236761e-25,480.59044735950346
COc1ccc2c(c1)N(c1ccc(-c3cc(F)cc(-c4cc(C(=O)O)c(-c5cc(F)cc(-c6ccc(N7c8ccccc8Sc8ccc(OC)cc87)cc6)c5)cn4)c3)cc1)c1ccccc1S2,6.888768235012334e-20,0.00891189701178443,nan,nan,nan
N#Cc1ccc(-c2ccc(N(c3ccccc3)c3ccccc3)cc2)cc1-c1cc(OC(F)(F)F)cc(-c2cc(-c3ccc(N(c4ccccc4)c4ccccc4)cc3)ccc2C#N)c1N,3.7084485125852813e-17,0.09900825069169342,0.639602922289551,5.814429100030599e-25,523.5397713764759
Fc1cccc(-c2cccc(N(c3ccccc3)c3ccccc3)c2)c1-c1cccc(-c2cccc(-c3c(F)cccc3-c3cccc(N(c4ccccc4)c4ccccc4)c3)n2)n1,8.068999902372565e-20,0.0031719522633156423,nan,nan,nan
Cc1nn(C)c(-c2cccc(-c3cccc(N(c4ccccc4)c4ccccc4)c3)c2F)c1-c1cccc(-c2cccc(N(c3ccccc3)c3ccccc3)c2)c1F,8.58991303671191e-20,0.007642057184106459,nan,nan,nan
Fc1c(F)c(-c2cscc2-c2ccc(-n3c4ccccc4c4ccccc43)cc2)c(F)c(-c2cscc2-c2ccc(-n3c4ccccc4c4ccccc43)cc2)c1F,2.849421981312849e-17,0.09604487043102977,0.7155878542784415,4.964681486062197e-25,472.8965552730122
C(=C/c1ccc(-n2c3ccccc3c3ccccc32)cc1)\c1ccc(-c2ccc(/C=C/c3ccc(-n4c5ccccc5c5ccccc54)cc3)cc2)cc1,1.784701352487191e-16,0.8488425575061659,1.167852587304393,5.655188859608818e-25,444.3649274137839
Cn1nnc(-c2sc3ccccc3c2-c2ccc3c(ccn3C(=O)OC(C)(C)C)c2)c1-c1sc2ccccc2c1-c1ccc2c(ccn2C(=O)OC(C)(C)C)c1,6.532167779523998e-20,0.00683480290174782,nan,nan,nan
CN(C)c1ccc(-c2ccc(C=Cc3cc(F)c(C=Cc4ccc(-c5ccc(N(C)C)c6ccccc56)cc4)cc3F)cc2)c2ccccc12,7.034397560123747e-17,0.540331300925639,1.6049118970691734,4.972846544980274e-25,423.4807180055759
Cc1cc(/C=C/c2ccc(-c3ccc(N(C)C)cc3)cc2)cc(/C=C/c2ccc(-c3ccc(N(C)C)cc3)cc2)c1O,7.474157749264911e-20,0.004584031264864729,nan,nan,nan
COc1ccc2c3ccc(OC)cc3n(-c3ccc(-c4ccccc4-c4ccc(-c5cc(C)c(-c6ccc(-c7ccccc7-c7ccc(-n8c9cc(OC)ccc9c9ccc(OC)cc98)cc7)cc6)cc5C)cc4)cc3)c2c1,5.418259724968805e-18,0.09599860095811989,1.9663454856863545,2.4971076139966104e-25,389.3317607893373
Fc1cc(C=Cc2ccc(-c3ccc(-n4c5ccccc5c5ccccc54)cc3)cc2)ccc1C=Cc1ccc(-c2ccc(-n3c4ccccc4c4ccccc43)cc2)cc1,2.0445010598037087e-16,0.9079336273912262,1.1549609872724849,5.989529207371799e-25,451.3143611772193
COc1c(-c2ccnc(-c3ccc(N(c4ccccc4)c4ccccc4)cc3)c2)cc(C)cc1-c1ccnc(-c2ccc(N(c3ccccc3)c3ccccc3)cc2)c1,8.88212983657306e-17,0.4768935074426599,1.4026014830821105,5.877769071370112e-25,405.64797558709427
Fc1cc(-c2ccc(N3c4ccccc4Oc4ccccc43)cc2)cc(-c2cc(-c3cc(F)cc(-c4ccc(N5c6ccccc6Oc6ccccc65)cc4)c3)c3[nH]c(=S)oc3c2)c1,6.91154692621462e-20,0.0014131664783965342,nan,nan,nan
C(=C/c1cnc(/C=C/c2ccc(-n3c4ccccc4c4ccccc43)cc2)nc1)\c1ccc(-n2c3ccccc3c3ccccc32)cc1,2.7430351920918977e-18,0.007454546991423957,0.6206290196368425,5.937187243430385e-25,501.32706617068965
c1ccc(-c2nc3ccccc3n2-c2ccc(-c3cc(-c4cnc(-c5cc(-c6ccc(-n7c(-c8ccccc8)nc8ccccc87)cc6)no5)cn4)on3)cc2)cc1,2.4949311138839947e-20,0.005610746194728281,nan,nan,nan
CCn1c2ccccc2c2cc(-c3cc(-c4cc5sc(-c6cc(-c7ccc8c(c7)c7ccccc7n8CC)cc(C(F)(F)F)c6)cc5s4)cc(C(F)(F)F)c3)ccc21,6.386248142596525e-17,0.271727086395698,1.0784382800681374,5.710885873794199e-25,471.3568905299264
Cc1ccc(N(c2ccc(C)cc2)c2ccc(-c3cc(F)cc(-c4ccc(-c5cc(F)cc(-c6ccc(N(c7ccc(C)cc7)c7ccc(C)cc7)cc6)c5)cc4)c3)cc2)cc1,1.4029365235180363e-17,0.1690734995842941,2.847364110857169,6.2670333424711165e-25,489.04519824466433
CN(C)c1ccc(-c2ccc(C=Cc3ccc(C=Cc4ccc(-c5ccc(N(C)C)c6ccccc56)cc4)c4nsnc34)cc2)c2ccccc12,4.4965266193903845e-20,0.0013226010776794049,nan,nan,nan
CCCCCCCCCCc1cc(-c2cc(-c3cccc(N(c4ccccc4)c4ccccc4)c3)ccc2OC)sc1-c1cc(-c2cccc(N(c3ccccc3)c3ccccc3)c2)ccc1OC,2.3533940025193213e-18,0.049875224827645434,5.831419242326442,6.572898817636073e-25,477.51377683350285
C(=C/c1ccsc1-c1sccc1/C=C/c1ccc(-n2c3ccccc3c3ccccc32)cc1)\c1ccc(-n2c3ccccc3c3ccccc32)cc1,5.1457112677602657e-17,0.13303714988997653,0.7890589748711301,7.234666751340942e-25,474.4359245684383
COc1ccc(-c2ccc3c4ccccc4n(-c4ccc(-c5ccccc5)cc4)c3c2)cc1-c1ccc(-c2ccc(-c3ccc(-c4cc(-c5ccc6c7ccccc7n(-c7ccc(-c8ccccc8)cc7)c6c5)ccc4OC)cc3)cc2)cc1,6.011907073458187e-18,0.12920004431929363,1.674924279449643,4.485031107306182e-25,392.4421243526405
COc1ccc(-c2ccc(-n3c4ccccc4c4ccccc43)cc2)cc1-c1c(F)c(F)c(-c2cc(-c3ccc(-n4c5ccccc5c5ccccc54)cc3)ccc2OC)c2nsnc12,7.969821314917171e-20,0.0049996065917425805,nan,nan,nan
COc1ccc2c3ccccc3n(-c3ccc(-c4ccc5oc(-c6ccc(-c7cc8cc(-c9ccc(-n%10c%11ccccc%11c%11ccc(OC)cc%11%10)cc9)ccc8o7)c7nsnc67)cc5c4)cc3)c2c1,1.0027748080410888e-17,0.09280212492400704,0.7812257213360757,2.514582319593124e-25,392.4421243526405
CN(C)c1ccc(-c2ccc(F)c(F)c2-c2ccc(-c3c(-c4ccc(N(C)C)cc4)ccc(F)c3F)c3nccnc23)cc1,1.5593553370881904e-17,0.1275342911883122,1.4260053959898027,4.995218718209546e-25,455.172571993872
FC(F)(F)c1ccc(-c2ccc3c4ccccc4n(-c4ccccc4)c3c2)c(-c2ccc(-c3ccc(-c4cc(C(F)(F)F)ccc4-c4ccc5c6ccccc6n(-c6ccccc6)c5c4)s3)s2)c1,1.473125890078584e-20,0.008017870009544913,nan,nan,nan
Fc1cc(OCc2ccccc2)c(-c2cc3cc(-c4ccc5c(c4)c4cc(-c6ccccc6)ccc4n5-c4ccccc4)ccc3o2)cc1-c1cc2cc(-c3ccc4c(c3)c3cc(-c5ccccc5)ccc3n4-c3ccccc3)ccc2o1,1.045856025097981e-17,0.2191671290610101,4.631312900479439,5.025197883891584e-25,393.2195304476535
Cc1cc(-c2ccc3c(ccn3C)c2)ccc1-c1ccc(-c2ccc(-c3ccc4c(ccn4C)c3)cc2C)c2[nH]ccc12,3.816868380244259e-17,0.24055326678792435,1.3855535179001452,5.112562333998018e-25,394.77412088646463
COc1ccc(N(c2ccc(OC)cc2)c2ccc(-c3cc(F)cc(-c4cn([Si](C(C)C)(C(C)C)C(C)C)cc4-c4cc(F)cc(-c5ccc(N(c6ccc(OC)cc6)c6ccc(OC)cc6)cc5)c4)c3)cc2)cc1,1.429054431301215e-17,0.2770291709525441,5.50907180543464,7.0535191330927535e-25,493.65311411771796
COc1ccc2c(c1)N(c1ccc(-c3cc(-c4cc(CO)cc(-c5cc(-c6ccc(N7c8ccccc8Sc8ccc(OC)cc87)cc6)cc(C(F)(F)F)c5)c4)cc(C(F)(F)F)c3)cc1)c1ccccc1S2,9.72223333306227e-20,0.0035558040548961034,nan,nan,nan
Fc1cc(-c2ccc3c4ccccc4n(-c4ccccc4)c3c2)cc(-c2cc(F)c(-c3cc(F)cc(-c4ccc5c6ccccc6n(-c6ccccc6)c5c4)c3)cc2F)c1,3.1600032614414166e-17,0.2111646294717733,1.2449927279499517,4.300634277277794e-25,405.64797558709427
CC(C)(C)n1cc(-c2cc(-c3ccc4c5ccccc5n(-c5ccccc5)c4c3)no2)c(-c2cc(-c3ccc4c5ccccc5n(-c5ccccc5)c4c3)no2)n1,3.4614481745086766e-17,0.17283357893387602,1.8727536028516698,8.439036589264296e-25,385.4421431325997
COc1ccc2c3ccccc3n(-c3ccc(-c4ccc(C#N)c(-c5ccc6c(c5)[nH]c5cc(-c7cc(-c8ccc(-n9c%10ccccc%10c%10ccc(OC)cc%109)cc8)ccc7C#N)ccc56)c4)cc3)c2c1,4.7018305326424136e-17,0.3885698097529662,1.9753136894323817,5.392005917586889e-25,385.4421431325997
COc1cc(-c2ccnc(-c3ccc(N4c5ccccc5Sc5ccc(OC)cc54)cc3)c2)cc(-c2ccnc(-c3ccc(N4c5ccccc5Sc5ccc(OC)cc54)cc3)c2)c1,6.438342035010508e-20,0.005503435999182367,nan,nan,nan
CC(C)(C)OC(=O)n1ccc2cc(-c3ccc(-c4ccc(-c5ccc(-c6ccc7c(ccn7C(=O)OC(C)(C)C)c6)cc5)c([N+](=O)[O-])c4)cc3)ccc21,2.479082587431436e-17,0.06276915343860387,0.5657108649375613,5.027149046001259e-25,417.2824591014386
COc1ccc(N(c2ccc(OC)cc2)c2ccc(-c3cc(-c4ccc(OC(F)(F)F)cc4-c4cc(-c5ccc(N(c6ccc(OC)cc6)c6ccc(OC)cc6)cc5)no4)on3)cc2)cc1,1.1077752977223712e-17,0.21275488797845085,5.641205987413008,7.309575819468803e-25,505.16127308720826
Cc1nc(N)c(-c2c(-c3ccc(N4c5ccccc5Sc5ccccc54)cc3)ccc(F)c2F)nc1-c1c(-c2ccc(N3c4ccccc4Sc4ccccc43)cc2)ccc(F)c1F,1.3589262593655572e-20,0.0038804928495816647,nan,nan,nan
C(=C/c1ccc(-c2ccc(-n3c4ccccc4c4ccccc43)cc2)cc1)\c1ccc(/C=C/c2ccc(-c3ccc(-n4c5ccccc5c5ccccc54)cc3)cc2)cc1,2.7954995784962205e-16,0.9313857377253133,0.9753891478564585,6.675053634059289e-25,448.22646274188276
Nc1cc(C=Cc2ccc(-n3c4ccccc4c4ccccc43)cc2)ccc1-c1ccc(C=Cc2ccc(-n3c4ccccc4c4ccccc43)cc2)cc1N,2.461539079903558e-17,0.21167001375021494,2.3313708556876054,6.42859420630706e-25,480.59044735950346
COc1cc(/C=C/c2ccc(-c3ccc(-n4c5ccccc5c5ccccc54)cc3)cc2)c(OC)cc1/C=C/c1ccc(-c2ccc(-n3c4ccccc4c4ccccc43)cc2)cc1,2.1228565127988201e-16,0.8839429834166377,1.2511187753138888,6.7735945661270405e-25,463.6541349491737
CCn1c2ccccc2c2cc(-c3cccc(-c4ccc(-c5ccc(-c6cccc(-c7ccc8c(c7)c7ccccc7n8CC)c6F)cc5N)c(N)c4)c3F)ccc21,3.436682629731445e-17,0.3885231681370083,2.5569293121395447,5.369690296425272e-25,428.90031498163364
Cc1ccc(N(c2ccc(C)cc2)c2ccc(-c3cccc(-c4c(F)c(F)c(F)c(-c5cccc(-c6ccc(N(c7ccc(C)cc7)c7ccc(C)cc7)cc6)c5C)c4F)c3C)cc2)cc1,2.1783464138726395e-17,0.2423830420147332,2.3909773390883635,5.173355724279048e-25,417.2824591014386
COc1ccc(N(c2ccc(OC)cc2)c2ccc(-c3ccc(F)c(-c4ccc(-c5cc(-c6ccc(N(c7ccc(OC)cc7)c7ccc(OC)cc7)cc6)ccc5F)c(S(=O)(=O)F)c4)c3)cc2)cc1,9.941539937703098e-18,0.1964186125918784,5.584409698560051,6.555630676274876e-25,485.203237462973
COc1ccc2c3ccc(OC)cc3n(-c3ccc(-c4cc(C)c(F)c(-c5cc(C(=O)O)oc5-c5cc(-c6ccc(-n7c8cc(OC)ccc8c8ccc(OC)cc87)cc6)cc(C)c5F)c4)cc3)c2c1,1.128821907755049e-17,0.07024026694596132,1.6155093807225152,5.846856163222533e-25,389.3317607893373
CCOc1c(-c2ccc(N(c3ccc(OC)cc3)c3ccc(OC)cc3)cc2)cc(Cl)cc1-c1ccc2c(c1)C(=O)c1cc(-c3cc(Cl)cc(-c4ccc(N(c5ccc(OC)cc5)c5ccc(OC)cc5)cc4)c3OCC)ccc1-2,6.58958223538829e-18,0.13481458492977338,4.973346520701023,6.009199759176825e-25,475.205498424622
Cc1cc(-c2ccc3c4ccccc4n(-c4ccccc4)c3c2)cc(-c2cc3nc[nH]c3c(-c3cc(C)cc(-c4ccc5c6ccccc6n(-c6ccccc6)c5c4)c3)c2N)c1,2.1693644376985795e-17,0.14427559800225165,2.2557094804182523,7.631419305692766e-25,385.4421431325997
C(=C/c1ccc(/C=C/c2ccc(-n3c4ccccc4c4ccccc43)cc2)c2nccnc12)\c1ccc(-n2c3ccccc3c3ccccc32)cc1,8.944892575819651e-17,0.8887973373539215,4.267129344518786,1.031630526395025e-24,563.2139798321344
Nc1[nH]nc(-c2cc3cc(-c4ccc(N(c5ccccc5)c5ccccc5)cc4)ccc3o2)c1-c1cc2cc(-c3ccc(N(c4ccccc4)c4ccccc4)cc3)ccc2o1,8.131353630742938e-17,0.4784297101534066,1.4639905549616208,5.598420309003779e-25,405.64797558709427
CN(C)c1ccc(-c2cc(F)cc(-c3cnc(-c4cc(F)cc(-c5ccc(N(C)C)cc5)c4)c4nsnc34)c2)cc1,4.450105332743579e-18,0.046240844464690775,0.9103606057781867,4.944558294732492e-25,442.0471196397086
COc1ccc(N(c2ccc(OC)cc2)c2ccc(-c3cccc(-c4cc(-c5cccc(-c6ccc(N(c7ccc(OC)cc7)c7ccc(OC)cc7)cc6)c5)c5nccn5c4)c3)cc2)cc1,1.1317225552783183e-17,0.24023688722955946,5.723404703375112,6.386971047180377e-25,479.8213905141602
c1ccc2c(c1)CCc1ccccc1N2c1ccc(-c2ccc(-c3c4ccccc4c(-c4c5ccccc5c(-c5ccc(-c6ccc(N7c8ccccc8CCc8ccccc87)cc6)nc5)c5ccccc45)c4ccccc34)cn2)cc1,5.2081288614808065e-18,0.2298564178168981,11.186050966111349,6.073488671669499e-25,484.43462374882637
CN(C)c1ccc(-c2ccc(-c3c4ccccc4c(-c4ccc(-c5ccc(N(C)C)c6ccccc56)nc4)c4ccccc34)cn2)c2ccccc12,1.4342594464403342e-17,0.02395948333282477,1.0138048506356145,1.4804501830409906e-24,654.0083704374396
CN(C)c1ccc(-c2ccc3oc(-c4ccc5ccc(-c6cc7cc(-c8ccc(N(C)C)cc8)ccc7o6)cc5c4)cc3c2)cc1,5.0923937444254945e-20,0.0041460434220800075,nan,nan,nan
C(=C/c1cc2sc(/C=C/c3ccc(-n4c5ccccc5c5ccccc54)cc3)cc2s1)\c1ccc(-n2c3ccccc3c3ccccc32)cc1,2.3407751361135686e-16,0.6839295660936227,1.10859956160112,8.65719940965525e-25,490.5814655991499
FC(F)(F)c1cc(C=Cc2ccc(-n3c4ccccc4c4ccccc43)cc2)ncc1C=Cc1ccc(-n2c3ccccc3c3ccccc32)cc1,1.0481781206012407e-16,0.8874568795560218,2.7578678292721484,8.192430998538666e-25,531.9490377179178
CCOC(=O)c1cc(-c2ccc(N(C)C)cc2)cc(-c2c3ccccc3c(-c3c4ccccc4c(-c4cc(C(=O)OCC)cc(-c5ccc(N(C)C)cc5)c4)c4ccccc34)c3ccccc23)c1,1.2911417650151794e-17,0.05068332055159501,1.0488292349036705,6.437026352471064e-25,477.51377683350285
COc1ccc(-c2ccc(N3c4ccccc4Sc4ccc(OC)cc43)cc2)c(-c2ccc(-c3ccc(-c4cc(OC)ccc4-c4ccc(N5c6ccccc6Sc6ccc(OC)cc65)cc4)cc3)cc2)c1,3.4549669094656518e-18,0.023427521493694585,1.5024096424037128,5.562809240851733e-25,512.8241490360862
COc1cc(-c2ccc(-n3c4cc(OC)ccc4c4ccc(OC)cc43)cc2)cc(-c2ccc(-c3cc(OC)cc(-c4ccc(-n5c6cc(OC)ccc6c6ccc(OC)cc65)cc4)c3)c(F)c2)c1,5.0189557473475504e-18,0.1800122912459848,5.526974021447871,3.467217995857911e-25,389.3317607893373
CN(C)c1ccc(-c2ccc(C(F)(F)F)cc2-c2ccc(-c3cc(C(F)(F)F)ccc3-c3ccc(N(C)C)cc3)c3nsnc23)cc1,5.821688911678651e-20,0.0026993977785885214,nan,nan,nan
COc1ccc(-c2ccc(N3c4ccccc4Sc4ccc(OC)cc43)cc2)c(-c2cc(F)cc(-c3cc(OC)ccc3-c3ccc(N4c5ccccc5Sc5ccc(OC)cc54)cc3)c2O)c1,1.6278166718931114e-20,0.004254654401630951,nan,nan,nan
COc1ccc(-c2ccc(N(c3ccccc3)c3ccccc3)cc2)cc1-c1cc(C)cc(-c2cc(-c3ccc(N(c4ccccc4)c4ccccc4)cc3)ccc2OC)c1OC,1.1415540037004292e-16,0.5838660739409138,1.3703807227898774,6.035641471103066e-25,405.64797558709427
c1ccc(-c2nc3ccccc3n2-c2ccc(-c3ccc(-c4ccc(-c5ccc(-c6ccc(-n7c(-c8ccccc8)nc8ccccc87)cc6)cc5)s4)cc3)cc2)cc1,7.680865576536925e-20,0.003910608702565285,nan,nan,nan
Cc1cc(-c2ccccc2-c2ccccc2-c2ccc(-n3c(-c4ccccc4)nc4ccccc43)cc2)cnc1-c1ccccc1-c1ccccc1-c1ccc(-n2c(-c3ccccc3)nc3ccccc32)cc1,9.108975584394193e-20,0.003089919561265456,nan,nan,nan
Cn1ccc2cc(-c3cccc(-c4nc(-c5cccc(-c6ccc7c(ccn7C)c6)c5)n(C(=O)OC(C)(C)C)n4)c3)ccc21,2.8610608720821175e-17,0.11233797413303845,1.0196495304560946,5.842973975641112e-25,465.1952769950271
Cc1cc(/C=C/c2ccc(-n3c4ccccc4c4ccccc43)cc2)ccc1/C=C/c1ccc(-n2c3ccccc3c3ccccc32)cc1,1.9870356289096317e-16,0.9592451227976173,1.2775838556067172,6.22955864778425e-25,451.3143611772193
c1ccc(-c2nc3ccccc3n2-c2ccc(-c3cc(-c4ccc5c(c4)[nH]c4cc(-c6cc(-c7ccc(-n8c(-c9ccccc9)nc9ccccc98)cc7)no6)ccc45)on3)cc2)cc1,4.1054583821182166e-18,0.07987657683448592,2.097548597598855,2.4256981620471685e-25,405.64797558709427
COC(=O)c1cc(-c2ccc(-c3ccc(N4c5ccccc5Oc5ccccc54)cc3)cc2)c(F)c(-c2ccc(-c3ccc(N4c5ccccc5Oc5ccccc54)cc3)cc2)c1N,6.161194242154588e-18,0.045045585929932574,2.2705937201862825,7.7325809927519365e-25,553.3141385939872
COc1ncc(-c2sc3ccccc3c2-c2ccc(N(C)C)cc2)cc1-c1sc2ccccc2c1-c1ccc(N(C)C)cc1,4.447759406110458e-17,0.26123966217942174,2.151088250139758,8.626759616994496e-25,540.3493717731172
Cc1cc(-c2ccc3c(ccn3C)c2)cc(-c2cnc(-c3cc(C)cc(-c4ccc5c(ccn5C)c4)c3)c3nsnc23)c1,3.4316449504111537e-20,0.0014909882433516296,nan,nan,nan
CC(C)(C)OC(=O)n1ccc2cc(-c3cscc3-c3cc4sc(-c5cscc5-c5ccc6c(ccn6C(=O)OC(C)(C)C)c5)cc4s3)ccc21,1.16845370344376e-16,0.2331127032654088,0.5256880562666151,6.057998400154816e-25,423.4807180055759
CCOC(=O)c1cc(-c2ccc(N(c3ccc(C)cc3)c3ccc(C)cc3)cc2)cc(-c2cc(C)c(O)c(-c3cc(C(=O)OCC)cc(-c4ccc(N(c5ccc(C)cc5)c5ccc(C)cc5)cc4)c3)c2)c1,4.205882146866227e-18,0.02342427555024037,1.2741843634592953,6.439957330858229e-25,531.184928073087
CN(C)c1ccc(-c2ccc(C#N)c(-c3csc(-c4cc(-c5ccc(N(C)C)cc5)ccc4C#N)n3)c2)cc1,2.3959073028214507e-17,0.10392036149972084,1.5739141351447359,8.620374623639408e-25,525.0693933102632
Nc1nc(F)c(-c2cccc(-c3ccc4c(c3)c3cc(-c5ccccc5)ccc3n4-c3ccccc3)c2)cc1-c1cccc(-c2ccc3c(c2)c2cc(-c4ccccc4)ccc2n3-c2ccccc2)c1,3.0634046873032565e-17,0.11619528462194402,1.3805051589311288,8.25059300621477e-25,387.7761354902135
c1ccc2c(c1)Sc1ccccc1N2c1ccc(-c2cc(-c3c4ccccc4c(-c4c5ccccc5c(-c5ccnc(-c6ccc(N7c8ccccc8Sc8ccccc87)cc6)c5)c5ccccc45)c4ccccc34)ccn2)cc1,1.7786542961666497e-20,0.004048657715197565,nan,nan,nan
C(=C/c1ccc2c(c1)[nH]c1cc(/C=C/c3ccc(-n4c5ccccc5c5ccccc54)cc3)ccc12)\c1ccc(-n2c3ccccc3c3ccccc32)cc1,2.585314141823235e-16,0.871318698292043,1.0116145843111473,6.753577498160965e-25,444.3649274137839
COc1ccc(N(c2ccc(OC)cc2)c2ccc(-c3cc(OC)cc(-c4cc(OC)c(-c5cc(OC)cc(-c6ccc(N(c7ccc(OC)cc7)c7ccc(OC)cc7)cc6)c5)cc4F)c3)cc2)cc1,2.7917414776845264e-18,0.035813969070472886,3.5619434514614166,6.930710854202334e-25,528.1277512775443
COc1ccc(N(c2ccc(OC)cc2)c2ccc(-c3ccc(F)c(F)c3-c3ccc(-c4ccc(-c5c(-c6ccc(N(c7ccc(OC)cc7)c7ccc(OC)cc7)cc6)ccc(F)c5F)cc4)cc3)cc2)cc1,2.006379948223114e-17,0.19018912326861293,3.2584618559127922,8.29895182401521e-25,544.1647528060795
Cc1cc(-c2ccc(N(C)C)c3ccccc23)c(C)cc1-c1ccc(C(N)=O)c(-c2cc(C)c(-c3ccc(N(C)C)c4ccccc34)cc2C)n1,1.3085564860395632e-17,0.05439220103035067,0.8678124308080039,4.790262992106568e-25,442.0471196397086
COc1ccc2c3ccccc3n(-c3ccc(-c4cncc(-c5cc(C(=O)O)c(-c6cncc(-c7ccc(-n8c9ccccc9c9ccc(OC)cc98)cc7)c6)cn5)c4)cc3)c2c1,6.440923129031869e-20,0.0028356232099062432,nan,nan,nan
COc1ccc(N(c2ccc(OC)cc2)c2ccc(-c3cc(F)cc(-c4cc(C(F)(F)F)c(-c5cc(F)cc(-c6ccc(N(c7ccc(OC)cc7)c7ccc(OC)cc7)cc6)c5)cn4)c3)cc2)cc1,1.559060477850076e-20,0.007921602770245933,nan,nan,nan
FC(F)(F)c1ccc2c(c1)N(c1ccc(-c3ccc(-c4ccc(-c5ccc(-c6ccc(N7c8ccccc8Sc8ccc(C(F)(F)F)cc87)cc6)nc5)o4)cn3)cc1)c1ccccc1S2,2.278164474155144e-18,0.014874602069097947,1.5908812911096806,6.554622745663155e-25,535.0047380971388
COc1ccc(N(c2ccc(OC)cc2)c2ccc(-c3cccc(-c4ccc(-c5cccc(-c6ccc(N(c7ccc(OC)cc7)c7ccc(OC)cc7)cc6)c5)c5[nH]ccc45)c3)cc2)cc1,1.1870996355241685e-17,0.1696366994821639,3.9353569321927693,6.725371421428605e-25,487.50863548764715
Clc1cc(-c2cccc(-c3cc(Cl)cc(-c4ccc5c6ccccc6n(-c6ccccc6)c5c4)c3)c2)cc(-c2ccc3c4ccccc4n(-c4ccccc4)c3c2)c1,8.49554370937302e-17,0.36157040439600596,0.8900539345975268,4.805129622666821e-25,405.64797558709427
COC(=O)c1cc(-c2ccc(-c3cccc(N(c4ccccc4)c4ccccc4)c3)nc2)oc1-c1ccc(-c2cccc(N(c3ccccc3)c3ccccc3)c2)nc1,1.7382279076692005e-18,0.010643737343427927,1.9604685452036712,9.776676203406162e-25,584.4943559976491
CC(C)(C)OC(=O)N(c1ccccc1)c1ccc(-c2ccc(-c3ccc(-c4n[nH]c(N)c4-c4ccc(-c5ccc(-c6ccc(N(C(=O)OC(C)(C)C)c7ccccc7)cc6)s5)s4)s3)s2)cc1,6.549260742332481e-17,0.09447916124485344,0.3856364151722098,6.030008886032852e-25,420.3821797410853
CCCCCCCCCCc1cc(-c2cc(-c3ccc(N(c4ccc(C)cc4)c4ccc(C)cc4)cc3)ccc2C#N)sc1-c1cc(-c2ccc(N(c3ccc(C)cc3)c3ccc(C)cc3)cc2)ccc1C#N,1.553899682933747e-17,0.09818173169165408,2.5099260748570638,1.006001852084146e-24,576.9008627782869
COC(=O)c1cc(-c2cncc(-c3ccc4c(c3)c3ccccc3n4-c3ccccc3)c2)c(F)c(-c2cncc(-c3ccc4c(c3)c3ccccc3n4-c3ccccc3)c2)c1N,1.2469513248923437e-17,0.1070491801463046,1.268024770858862,4.292321770854992e-25,407.9762025877279
CN(C)c1ccc(-c2ncccc2-c2ccc(OC(F)(F)F)cc2-c2cccnc2-c2ccc(N(C)C)c3ccccc23)c2ccccc12,2.980200632392758e-20,0.0025706615156766773,nan,nan,nan
CCCCCCCCCCOc1cc(-c2cc3cc(-c4ccc(N(C)C)cc4)ccc3o2)c(OCCCCCCCCCC)cc1-c1cc2cc(-c3ccc(N(C)C)cc3)ccc2o1,1.6834029673033483e-17,0.10773382153083805,1.9218734422121448,7.039540543116121e-25,474.4359245684383
CN(C)c1ccc(-c2ccc(C#N)c(-c3cc(O)c(-c4cc(-c5ccc(N(C)C)cc5)ccc4C#N)cc3O)c2)cc1,7.479793561411764e-17,0.557752609777566,2.52489082277345,7.618564041449381e-25,473.66627685141407
Cc1cc(-c2ccc(/C=C/c3ccc(-n4c5ccccc5c5ccccc54)cc3)cc2)c(C)cc1-c1ccc(/C=C/c2ccc(-n3c4ccccc4c4ccccc43)cc2)cc1,1.0804343483171896e-16,0.7616138906814821,1.515482405088356,5.341950270575835e-25,421.93159666807617
c1ccc2c(c1)c1ccccc1n2-c1ccc(-c2ccc3oc(-c4ccc5c(c4)[nH]c4cc(-c6cc7cc(-c8ccc(-n9c%10ccccc%10c%10ccccc%109)cc8)ccc7o6)ccc45)cc3c2)cc1,1.6990014128617005e-16,0.7522445886585395,0.9661600723006782,4.909827924900762e-25,396.32841566057107
COc1ccc2c3ccccc3n(-c3ccc(-c4cc(C)cc(-c5ccc(-c6cc(C)cc(-c7ccc(-n8c9ccccc9c9ccc(OC)cc98)cc7)c6)c6nccnc56)c4)cc3)c2c1,2.025253220719801e-17,0.18589428317605694,1.9229986964300365,4.871883085835227e-25,442.0471196397086
CCc1cc(-c2ccc(-c3ccc(N(C)C)cc3)s2)ccc1-c1ccc(-c2ccc(N(C)C)cc2)s1,4.8673757542409956e-17,0.19775919375604725,1.2857055578797272,7.9302198436092205e-25,526.5987199425201
Cc1c(-c2ccc(N(C)C)cc2)cccc1-c1cccc(-c2cccc(-c3ccc(N(C)C)cc3)c2C)c1,1.073447997841744e-16,0.5650678571829,1.1211576228047664,4.926256176912706e-25,412.6306611133371
c1ccc(N(c2ccccc2)c2cccc(-c3cc(-c4cnc(-c5cc(-c6cccc(N(c7ccccc7)c7ccccc7)c6)no5)s4)on3)c2)cc1,2.5826688541420064e-20,0.0026725918284029385,nan,nan,nan
CN(C)c1ccc(-c2ccc3oc(-c4ccc(-c5cc6cc(-c7ccc(N(C)C)c8ccccc78)ccc6o5)c5nsnc45)cc3c2)c2ccccc12,7.738403532935106e-20,0.0025868273046062,nan,nan,nan
COC(=O)c1cc(-c2ccc(-c3ccc4c(c3)c3ccccc3n4-c3ccccc3)nc2)oc1-c1ccc(-c2ccc3c(c2)c2ccccc2n3-c2ccccc2)nc1,8.44581078614807e-17,0.58482271778983,1.75567477032679,5.926785383997554e-25,448.9985481680337
Cc1cc(-c2ccc(N3c4ccccc4Sc4ccc(C(F)(F)F)cc43)cc2)cc(-c2cc(F)c(-c3cc(C)cc(-c4ccc(N5c6ccccc6Sc6ccc(C(F)(F)F)cc65)cc4)c3)cc2F)c1,3.495188097536202e-20,0.004847771400452552,nan,nan,nan
c1ccc(-c2ccc(-n3c4ccccc4c4ccc(-c5ccc(-c6ccc7cc(-c8ccc(-c9ccc%10c%11ccccc%11n(-c%11ccc(-c%12ccccc%12)cc%11)c%10c9)cc8)ccc7c6)cc5)cc43)cc2)cc1,1.357424047438358e-16,0.7752822357036184,1.246497623394409,5.208918627962169e-25,417.2824591014386
Nc1cc(/C=C/c2ccc(-c3ccc(-n4c5ccccc5c5ccccc54)cc3)cc2)ccc1-c1ccc(/C=C/c2ccc(-c3ccc(-n4c5ccccc5c5ccccc54)cc3)cc2)cc1N,9.724391879312531e-17,0.6189839578334863,1.2521549525463758,4.426124767967207e-25,444.3649274137839
Fc1c(F)c(-c2cncc(-c3ccc4c5ccccc5n(-c5ccc(-c6ccccc6)cc5)c4c3)c2)c2nsnc2c1-c1cncc(-c2ccc3c4ccccc4n(-c4ccc(-c5ccccc5)cc4)c3c2)c1,3.579440373428529e-17,0.2530751106427149,3.400800577519288,1.2425948645962548e-24,598.9016662103054
CCOc1c(-c2ccc3c(c2)c2ccccc2n3CC)cc(Cl)cc1-c1c2ccccc2c(-c2c3ccccc3c(-c3cc(Cl)cc(-c4ccc5c(c4)c4ccccc4n5CC)c3OCC)c3ccccc23)c2ccccc12,4.471104894065768e-20,0.0035808114024170018,nan,nan,nan
CCn1c2ccccc2c2cc(-c3ccc(-c4ccc(-c5ccc(-c6ccc7c(c6)c6ccccc6n7CC)s5)c5nsnc45)s3)ccc21,1.870582497901125e-18,0.061065567629130936,1.0873576996787644,1.3742485585946612e-25,395.5513052313373
CSc1cc(F)c(-c2cc(-c3cccc(N(c4ccccc4)c4ccccc4)c3)cc(C)c2F)cc1-c1cc(-c2cccc(N(c3ccccc3)c3ccccc3)c2)cc(C)c1F,3.6264019635213647e-20,0.0055177313939266046,nan,nan,nan
COc1ccc(-c2ccc(N3c4ccccc4Sc4ccc(C(F)(F)F)cc43)cc2)cc1-c1cc2nsnc2cc1-c1cc(-c2ccc(N3c4ccccc4Sc4ccc(C(F)(F)F)cc43)cc2)ccc1OC,6.862914917599141e-20,0.006586577161672243,nan,nan,nan
N#Cc1ncc(-c2cccnc2-c2ccc3c(c2)c2cc(-c4ccccc4)ccc2n3-c2ccccc2)cc1-c1cccnc1-c1ccc2c(c1)c1cc(-c3ccccc3)ccc1n2-c1ccccc1,3.2600702861106983e-20,0.00781791005015507,nan,nan,nan
c1ccc2c(c1)Sc1ccccc1N2c1ccc(-c2ccc(-c3ccc(-c4ccc(-c5ccc(N6c7ccccc7Sc7ccccc76)cc5)s4)s3)s2)cc1,1.1156549682062521e-17,0.048817089671522484,0.8908564134786194,4.971650694247374e-25,468.27667468358374
Cn1ccc2cc(-c3ccc4oc(-c5sc(-c6cc7cc(-c8ccc9c(ccn9C)c8)ccc7o6)c6c5OCCO6)cc4c3)ccc21,1.0066690861097716e-16,0.23463815753505277,0.4948189910780682,4.776579053616987e-25,423.4807180055759
CCOc1c(-c2ccc(N(C)C)cc2)cc(Cl)cc1-c1ccc(-c2cc(Cl)cc(-c3ccc(N(C)C)cc3)c2OCC)c([N+](=O)[O-])c1,1.7033829770497372e-17,0.11053970547077656,1.5157780141785682,5.262182155806407e-25,407.9762025877279
c1ccc2c(c1)c1ccccc1n2-c1ccc(-c2ccc3oc(-c4ccc(-c5ccc(-c6cc7cc(-c8ccc(-n9c%10ccccc%10c%10ccccc%109)cc8)ccc7o6)cc5)cc4)cc3c2)cc1,1.7856007653773748e-16,0.8828819818019482,0.9263091751935649,4.426752563804681e-25,397.8824147742707
COc1ccc2c3ccc(OC)cc3n(-c3ccc(-c4cncc(-c5ccc(-c6cncc(-c7ccc(-n8c9cc(OC)ccc9c9ccc(OC)cc98)cc7)c6)c(C(=O)O)c5)c4)cc3)c2c1,5.196839977657721e-18,0.03983259467128026,2.1354724642979894,6.898151016469234e-25,516.6528182027554
Cc1ccc(N(c2ccc(C)cc2)c2ccc(-c3cccc(-c4ccc(-c5cccc(-c6ccc(N(c7ccc(C)cc7)c7ccc(C)cc7)cc6)c5C)c(CC#N)c4)c3C)cc2)cc1,2.0210599152099678e-17,0.25246701233263824,2.861858753324875,5.433542408511229e-25,428.90031498163364
Nc1cc(-c2cc3cc(-c4ccc(-n5c6ccccc6c6ccccc65)cc4)ccc3o2)ccc1-c1cc2cc(-c3ccc(-n4c5ccccc5c5ccccc54)cc3)ccc2o1,8.841025644793337e-17,0.49750143260166907,1.389583112385099,5.5561678893718565e-25,467.5064360604953
CN(C)c1ccc(-c2ccoc2-c2ccc3c(c2)C(C)(C)c2cc(-c4occc4-c4ccc(N(C)C)cc4)ccc2-3)cc1,5.847297256213274e-17,0.533374024663943,2.4349731729976263,6.852996812276291e-25,490.5814655991499
Fc1c(F)c(-c2c(F)c(F)c(-c3cc4cc(-c5ccc(-n6c7ccccc7c7ccccc76)cc5)ccc4o3)c(F)c2F)c(F)c(F)c1-c1cc2cc(-c3ccc(-n4c5ccccc5c5ccccc54)cc3)ccc2o1,9.413737968900797e-17,0.6385678678105663,1.5681020387169258,5.201299736719392e-25,401.76611907244524
CCOc1c(-c2ccc3c(c2)c2ccccc2n3CC)cc(Cl)cc1-c1c(C)nn(C)c1-c1cc(Cl)cc(-c2ccc3c(c2)c2ccccc2n3CC)c1OCC,2.2008223823658363e-17,0.11043077111698128,1.5294160793334801,6.889710202309242e-25,395.5513052313373
N#Cc1ccc(-c2ccc(-n3c4ccccc4c4ccccc43)cc2)cc1-c1ccc(-c2cc(-c3ccc(-n4c5ccccc5c5ccccc54)cc3)ccc2C#N)c(F)c1,3.501689040339176e-17,0.21187943305728313,1.4370780223324326,6.047065106588318e-25,500.5600032634237
COc1cc(/C=C/c2ccc(-n3c4ccccc4c4ccccc43)cc2)c(OC)cc1/C=C/c1ccc(-n2c3ccccc3c3ccccc32)cc1,1.8578660442673814e-16,0.8246316273360869,1.402831654044176,7.584776806964332e-25,453.629509293786
COc1ccc(N(c2ccc(OC)cc2)c2ccc(-c3ccc(OC)cc3-c3cc(-c4cc(OC)ccc4-c4ccc(N(c5ccc(OC)cc5)c5ccc(OC)cc5)cc4)c4nccn4c3)cc2)cc1,9.952059180998808e-20,0.005844330363760643,nan,nan,nan
COc1ccc2c3ccc(OC)cc3n(-c3ccc(-c4cccc(F)c4-c4cc(-c5c(F)cccc5-c5ccc(-n6c7cc(OC)ccc7c7ccc(OC)cc76)cc5)cc(N5CCC6(CC5)OCCO6)c4)cc3)c2c1,3.1421629189732094e-17,0.1817311113600894,1.1663604702941142,4.695535690405086e-25,473.66627685141407
Fc1ccc(-c2cccc(N(c3ccccc3)c3ccccc3)c2)cc1-c1cccc(-c2cc(-c3cccc(N(c4ccccc4)c4ccccc4)c3)ccc2F)n1,6.465172162541734e-20,0.007415456889179738,nan,nan,nan
COc1ccc(-c2ccc3c(c2)c2cc(-c4ccccc4)ccc2n3-c2ccccc2)cc1-c1cc(C(=O)O)c(N)c(-c2cc(-c3ccc4c(c3)c3cc(-c5ccccc5)ccc3n4-c3ccccc3)ccc2OC)c1F,2.211993440056987e-17,0.10197913027392355,1.5027544792460257,7.397831110701747e-25,408.7521304398033
COc1ccc2c(c1)N(c1ccc(-c3ccccc3-c3ccccc3-c3ccc(-c4ccccc4-c4ccccc4-c4ccc(N5c6ccccc6Sc6ccc(OC)cc65)cc4)c(S(=O)(=O)F)c3)cc1)c1ccccc1S2,7.411086322187806e-20,0.004558810062156311,nan,nan,nan
COc1ccc2c(c1)N(c1ccc(-c3ccc(-c4ccc(-c5ccc(-c6ccc(-c7ccc(-c8ccc(N9c%10ccccc%10Sc%10ccc(OC)cc%109)cc8)s7)s6)c6nsnc56)s4)s3)cc1)c1ccccc1S2,1.631279646137936e-17,0.039796141532572035,0.6083639594526049,5.749523697222712e-25,472.8965552730122
O=C(O)CCCCCCOc1cc(/C=C/c2ccc(-c3ccc4c(c3)c3ccccc3n4-c3ccccc3)cc2)cc(/C=C/c2ccc(-c3ccc4c(c3)c3ccccc3n4-c3ccccc3)cc2)c1,1.081772580732421e-16,0.7067303779788311,1.566112704920687,5.6037879808924035e-25,444.3649274137839
COc1ccc2c3ccc(OC)cc3n(-c3ccc(-c4ccc(F)c(F)c4-c4cc(F)cc(-c5c(-c6ccc(-n7c8cc(OC)ccc8c8ccc(OC)cc87)cc6)ccc(F)c5F)c4N)cc3)c2c1,1.831892796260972e-17,0.24073145222179135,2.5791539118387368,4.637697568511457e-25,437.40950922513014
CN(C)c1ccc(-c2cscc2-c2c3ccccc3c(-c3c4ccccc4c(-c4cscc4-c4ccc(N(C)C)cc4)c4ccccc34)c3ccccc23)cc1,4.009691050671e-20,0.009373880013036559,nan,nan,nan
COc1ccc(-c2ccc(N3c4ccccc4Sc4ccc(C(F)(F)F)cc43)cc2)cc1-c1c(F)c(F)c(-c2c(F)c(F)c(-c3cc(-c4ccc(N5c6ccccc6Sc6ccc(C(F)(F)F)cc65)cc4)ccc3OC)c(F)c2F)c(F)c1F,1.7201421625363097e-20,0.004660735793735929,nan,nan,nan
Cn1ccc2cc(-c3ccc(-c4cc(C(F)(F)F)c(-c5ccc(-c6ccc7c(ccn7C)c6)s5)cn4)s3)ccc21,1.2345477467461235e-16,0.32554807568100663,0.7762044643037859,6.9622622931152065e-25,480.59044735950346
Fc1ccc(-c2ccc(-n3c4ccccc4c4ccccc43)cc2)cc1-c1ccc(-c2cc(-c3ccc(-n4c5ccccc5c5ccccc54)cc3)ccc2F)s1,8.484291511143458e-17,0.49190871118022617,1.2184172244905105,4.728350002674348e-25,442.0471196397086
O=C(O)c1cc(/C=C/c2ccc(-n3c4ccccc4c4ccccc43)cc2)ccc1/C=C/c1ccc(-n2c3ccccc3c3ccccc32)cc1,1.1333170117172912e-16,0.7455839132769585,1.5800984564612268,5.805971793183337e-25,471.3568905299264
c1ccc(-c2ccc3ccc(-c4ccccc4-c4ccc(-n5c6ccccc6c6ccccc65)cc4)cc3c2)c(-c2ccc(-n3c4ccccc4c4ccccc43)cc2)c1,9.378619350872172e-20,0.004223099082712765,nan,nan,nan
CC1(C)c2cc(-c3cc(-c4ccc5c6ccccc6n(-c6ccc(-c7ccccc7)cc6)c5c4)ccc3F)ccc2-c2ccc(-c3cc(-c4ccc5c6ccccc6n(-c6ccc(-c7ccccc7)cc6)c5c4)ccc3F)cc21,9.954883773425091e-17,0.4952000676382723,1.1413599919028097,5.281582413220689e-25,408.7521304398033
Cn1ccc2cc(-c3ccc4oc(-c5ccc6ccc(-c7cc8cc(-c9ccc%10c(ccn%10C)c9)ccc8o7)cc6c5)cc4c3)ccc21,1.378183870711642e-17,0.14738249686724464,1.7009914497504757,3.631635431476669e-25,407.20020082860947
CC1(C)c2cc(-c3cc4cc(-c5ccc(-n6c7ccccc7c7ccccc76)cc5)ccc4o3)ccc2-c2ccc(-c3cc4cc(-c5ccc(-n6c7ccccc7c7ccccc76)cc5)ccc4o3)cc21,2.3026004105080233e-16,0.9325529841738762,0.9489907753381307,5.272172003497215e-25,397.10545217470315
C(=C/c1ccc2ccc(/C=C/c3ccc(-n4c5ccccc5c5ccccc54)cc3)cc2c1)\c1ccc(-n2c3ccccc3c3ccccc32)cc1,2.0160279214284144e-17,0.46252305421132617,5.24349985115734,5.309598426419983e-25,440.5015450408645
COc1ccc2c3ccc(OC)cc3n(-c3ccc(-c4ccc(OC)c(-c5cc(O)cc(-c6cc(-c7ccc(-n8c9cc(OC)ccc9c9ccc(OC)cc98)cc7)ccc6OC)c5)c4)cc3)c2c1,2.0537973171435712e-20,0.008840681001702218,nan,nan,nan
COc1ccc2c3ccc(OC)cc3n(-c3ccc(-c4ccc(-c5[nH]nc(NC(C)=O)c5-c5ccc(-c6ccc(-n7c8cc(OC)ccc8c8ccc(OC)cc87)cc6)cc5C)c(C)c4)cc3)c2c1,7.258243026260174e-18,0.016344768016768863,0.4229195293446577,4.32764031558503e-25,445.13738224084034
CN(C)c1ccc(-c2ccc(F)c(-c3ccc(-c4cc(-c5ccc(N(C)C)c6ccccc56)ccc4F)o3)c2)c2ccccc12,2.4921074823352465e-20,0.004170711513276457,nan,nan,nan
FC(F)(F)c1cc(C=Cc2ccc(-n3c4ccccc4c4ccccc43)cc2)ccc1C=Cc1ccc(-n2c3ccccc3c3ccccc32)cc1,1.2674599018911692e-16,0.9387264570430309,2.046810771887586,6.940870830596658e-25,491.3494885017865
CCCCCCCCCCCCc1cc(-c2sc3ccccc3c2-c2ccc(N3c4ccccc4Sc4ccc(OC)cc43)cc2)sc1-c1sc2ccccc2c1-c1ccc(N2c3ccccc3Sc3ccc(OC)cc32)cc1,2.5356379645957444e-17,0.11004027296964497,0.9490072043941319,5.357333657785757e-25,472.8965552730122
CC(C)(C)c1cc(-c2cccnc2-c2ccc3c4ccccc4n(-c4ccccc4)c3c2)c(N)c(-c2cccnc2-c2ccc3c4ccccc4n(-c4ccccc4)c3c2)c1,6.946659491444373e-17,0.3897379307703437,1.592293516957491,6.432848518269139e-25,394.77412088646463
CSc1cc(F)c(-c2cncc(-c3ccc(N(c4ccccc4)c4ccccc4)cc3)c2)cc1-c1cncc(-c2ccc(N(c3ccccc3)c3ccccc3)cc2)c1,1.5338678759965762e-18,0.013564651671825308,2.216127238165994,5.643042184684953e-25,462.11269742987304
COc1ccc(-c2ccc(N3c4ccccc4Sc4ccccc43)cc2)c(-c2cccc(-c3cc(OC)ccc3-c3ccc(N4c5ccccc5Sc5ccccc54)cc3)c2C#N)c1,6.053925002325547e-20,0.0051028443572331585,nan,nan,nan
Cc1ccc(N(c2ccc(C)cc2)c2ccc(-c3cc(-c4csc(C(=O)O)c4-c4cc(-c5ccc(N(c6ccc(C)cc6)c6ccc(C)cc6)cc5)no4)on3)cc2)cc1,4.890636769201756e-20,0.006992398753587138,nan,nan,nan
COc1ccc(-c2ccc(N3c4ccccc4Oc4ccccc43)cc2)cc1-c1c(C)nn(C)c1-c1cc(-c2ccc(N3c4ccccc4Oc4ccccc43)cc2)ccc1OC,7.838260982906944e-20,0.0023978935903153763,nan,nan,nan
Cc1cc(-c2ccc(N(C)C)c3ccccc23)c(C)cc1-c1ccc(-c2cc(C)c(-c3ccc(N(C)C)c4ccccc34)cc2C)c(C)n1,1.765748730023602e-20,0.004112896932767152,nan,nan,nan
FC(F)(F)c1ccc(-c2cccc(N(c3ccccc3)c3ccccc3)c2)c(-c2cccc(-c3cccc(-c4cccc(-c5cc(C(F)(F)F)ccc5-c5cccc(N(c6ccccc6)c6ccccc6)c5)n4)n3)n2)c1,4.3490605376361317e-20,0.00913419477024948,nan,nan,nan
COc1ccc(N(c2ccc(OC)cc2)c2ccc(-c3ccc(/C=C/c4cc(C#N)cc(/C=C/c5ccc(-c6ccc(N(c7ccc(OC)cc7)c7ccc(OC)cc7)cc6)cc5)c4)cc3)cc2)cc1,2.7028280739434847e-17,0.04342717171670257,0.57786799643503,9.817161301571262e-25,611.7698427228879
c1ccc(-c2ccc(-n3c4ccccc4c4ccc(-c5ccccc5-c5ccc(-c6ccccc6-c6ccc7c8ccccc8n(-c8ccc(-c9ccccc9)cc8)c7c6)c6nccnc56)cc43)cc2)cc1,2.7260599033645616e-20,0.0017286183151230183,nan,nan,nan
CC(C)(C)c1cc(-c2ccnc(-c3ccc4c(c3)c3ccccc3n4-c3ccccc3)c2)c(N)c(-c2ccnc(-c3ccc4c(c3)c3ccccc3n4-c3ccccc3)c2)c1,8.383817691633015e-20,0.0024418115742520273,nan,nan,nan
CC(C)(C)OC(=O)N(c1ccccc1)c1ccc(-c2cccc(-c3cc(C(C)(C)C)cc(-c4cccc(-c5ccc(N(C(=O)OC(C)(C)C)c6ccccc6)cc5)c4)c3N)c2)cc1,7.437276541205881e-20,0.004145493045063932,nan,nan,nan
CCn1c2ccccc2c2cc(-c3ccoc3-c3ccc(-c4cc(C)c(-c5ccc(-c6occc6-c6ccc7c(c6)c6ccccc6n7CC)cc5)cc4C)cc3)ccc21,6.659351714169368e-17,0.6402970892334214,1.812393994445161,4.948357227467696e-25,420.3821797410853
CCn1c2ccccc2c2cc(-c3cc(-c4cc(OC)c(-c5cc(-c6ccc7c(c6)c6ccccc6n7CC)c6ccccc6c5F)cn4)c(F)c4ccccc34)ccc21,3.850063896187626e-17,0.2617015680778016,1.7010325565127091,5.99797045894131e-25,472.8965552730122
FC(F)(F)c1cc(-c2cc3cc(-c4ccc(-n5c6ccccc6c6ccccc65)cc4)ccc3o2)ncc1-c1cc2cc(-c3ccc(-n4c5ccccc5c5ccccc54)cc3)ccc2o1,4.563649172037455e-20,0.0042261043613421685,nan,nan,nan
CCCCCCN1c2ccc(-c3cc4cc(-c5ccc(-n6c(-c7ccccc7)nc7ccccc76)cc5)ccc4o3)cc2Sc2cc(-c3cc4cc(-c5ccc(-n6c(-c7ccccc7)nc7ccccc76)cc5)ccc4o3)ccc21,1.0147703690992826e-16,0.33762198806595023,0.8491924395800772,5.91906947532154e-25,494.42084162749325
Cc1cc(-c2ccnc(-c3ccc4c5ccccc5n(-c5ccccc5)c4c3)c2)cnc1-c1ccnc(-c2ccc3c4ccccc4n(-c4ccccc4)c3c2)c1,2.045852946610688e-18,0.05142363441054937,2.1572028657655498,3.889273792257063e-25,395.5513052313373
C(=C/c1sc(/C=C/c2ccc(-n3c4ccccc4c4ccccc43)cc2)c2c1OCCO2)\c1ccc(-n2c3ccccc3c3ccccc32)cc1,1.0649171768895459e-16,0.20832588877132374,0.6346661872712459,7.299623627697954e-25,475.9749984205025
COc1cc(-c2ccc(N(C(=O)OC(C)(C)C)c3ccccc3)cc2)cc(-c2cc3sc(-c4cc(OC)cc(-c5ccc(N(C(=O)OC(C)(C)C)c6ccccc6)cc5)c4)cc3s2)c1,9.785917592905203e-20,0.005818796385474283,nan,nan,nan
Nc1c(-c2cccc(-c3ccc4c(c3)c3cc(-c5ccccc5)ccc3n4-c3ccccc3)c2)cc(F)cc1-c1cccc(-c2ccc3c(c2)c2cc(-c4ccccc4)ccc2n3-c2ccccc2)c1,2.935855463496779e-17,0.24679382823818521,2.121989612265522,6.021766623217365e-25,430.4481062196101
CC1(C)c2cc(-c3c(-c4ccc(N5c6ccccc6Sc6ccccc65)cc4)ccc(F)c3F)ccc2-c2ccc(-c3c(-c4ccc(N5c6ccccc6Sc6ccccc65)cc4)ccc(F)c3F)cc21,4.6162866359301596e-20,0.001304316538873326,nan,nan,nan
c1ccc(-n2c3ccccc3c3ccc(-c4ccoc4-c4ccc5c(c4)[nH]c4cc(-c6occc6-c6ccc7c8ccccc8n(-c8ccccc8)c7c6)ccc45)cc32)cc1,7.661659577921911e-17,0.4424136569081915,1.2771496390452872,4.976438368524002e-25,411.8551027884186
CC(C)(C)OC(=O)n1ccc2cc(-c3ccc(/C=C/c4c(F)c(F)c(/C=C/c5ccc(-c6ccc7c(ccn7C(=O)OC(C)(C)C)c6)cc5)c5nsnc45)cc3)ccc21,3.602142021720314e-17,0.19809100650201458,1.3203194831937795,5.47100807775761e-25,467.5064360604953
COc1ccc2c3ccc(OC)cc3n(-c3ccc(-c4cscc4-c4ccc(-c5cscc5-c5ccc(-n6c7cc(OC)ccc7c7ccc(OC)cc76)cc5)c(F)c4)cc3)c2c1,2.8965154222229267e-18,0.1576733275794292,5.139366139942764,2.124269868910757e-25,389.3317607893373
Cc1nc(NN)c(-c2cc(F)cc(-c3ccc4c(ccn4C(=O)OC(C)(C)C)c3)c2)cc1-c1cc(F)cc(-c2ccc3c(ccn3C(=O)OC(C)(C)C)c2)c1,7.355330328467362e-20,0.006329611961994132,nan,nan,nan
CN(C)c1ccc(-c2ccc(-c3ccc(-c4ccc(-c5ccc(N(C)C)c6ccccc56)cc4)nc3)cc2)c2ccccc12,2.4274095135963998e-17,0.06069414099487895,1.1357715522458245,1.1311129746767567e-24,617.0623073018767
CCn1c2ccccc2c2cc(-c3cc(OC)cc(-c4ccc5c(c4)[nH]c4cc(-c6cc(OC)cc(-c7ccc8c(c7)c7ccccc7n8CC)c6)ccc45)c3)ccc21,1.1331305991912273e-16,0.7207594980484686,1.447876776796393,5.322180793268892e-25,406.42412516191064
COc1ccc(-c2ccc(N(c3ccc(C)cc3)c3ccc(C)cc3)cc2)c(-c2cc(-c3cc(OC)ccc3-c3ccc(N(c4ccc(C)cc4)c4ccc(C)cc4)cc3)c(NN)nc2C)c1,3.4426830285618304e-17,0.2853362296450762,1.7827348737578619,5.228147504201503e-25,449.7705597156153
Cc1cc(-c2cc3cc(-c4ccc(-n5c6ccccc6c6ccccc65)cc4)ccc3o2)c(C)cc1-c1cc2cc(-c3ccc(-n4c5ccccc5c5ccccc54)cc3)ccc2o1,1.1134596941912426e-16,0.7018511577682399,1.50891178450051,5.386117811383824e-25,403.3190834085672
COc1ccc2c3ccccc3n(-c3ccc(-c4ccc5oc(-c6ccc(-c7cc8cc(-c9ccc(-n%10c%11ccccc%11c%11ccc(OC)cc%11%10)cc9)ccc8o7)cc6)cc5c4)cc3)c2c1,2.7671209316149087e-17,0.41928481380211374,3.4283409784920766,5.0907941290823255e-25,406.42412516191064
COc1ccc2c3ccccc3n(-c3ccc(-c4cccc(F)c4-c4cc(CO)cc(-c5c(F)cccc5-c5ccc(-n6c7ccccc7c7ccc(OC)cc76)cc5)c4)cc3)c2c1,3.429194014004377e-20,0.004292838495195716,nan,nan,nan
Fc1ccc(-c2cccc(N(c3ccccc3)c3ccccc3)c2)cc1-c1ccc(-c2cc(-c3cccc(N(c4ccccc4)c4ccccc4)c3)ccc2F)c2nsnc12,1.851765170095777e-20,0.006634255428055344,nan,nan,nan
Cc1ccc(N(c2ccc(C)cc2)c2ccc(-c3ncccc3-c3cc(C(=O)O)c(-c4cccnc4-c4ccc(N(c5ccc(C)cc5)c5ccc(C)cc5)cc4)cn3)cc2)cc1,1.5375221829927943e-17,0.1440501436852318,2.58444119192113,6.568688116305443e-25,500.5600032634237
CCn1c2ccccc2c2cc(-c3cnn(C)c3-c3ccc(-c4ccc(-c5c(-c6ccc7c(c6)c6ccccc6n7CC)cnn5C)cc4)cc3)ccc21,8.559568678043026e-17,0.6389156472613812,1.6274980581098522,5.273825732716786e-25,430.4481062196101
COc1cc(-c2ccc(-c3ccc(N(C(=O)OC(C)(C)C)c4ccccc4)cc3)cc2)ncc1-c1ccc(-c2ccc(N(C(=O)OC(C)(C)C)c3ccccc3)cc2)cc1,3.6561018875778027e-17,0.3453452221269947,1.4023374407454436,3.9137778833278107e-25,417.2824591014386
CCOc1c(-c2ccc(N3c4ccccc4Oc4ccccc43)cc2)cc(Cl)cc1-c1cc(-c2cc(Cl)cc(-c3ccc(N4c5ccccc5Oc5ccccc54)cc3)c2OCC)c(F)c(F)c1O,2.8318684732644407e-18,0.06128942439330894,7.098386636059449,8.110852053261949e-25,546.4530956781396
COc1cc(-c2c(-c3ccc(-n4c(-c5ccccc5)nc5ccccc54)cc3)ccc(F)c2F)c2ncccc2c1-c1c(-c2ccc(-n3c(-c4ccccc4)nc4ccccc43)cc2)ccc(F)c1F,1.1280563246309596e-20,0.006398146568369381,nan,nan,nan
CCn1c2ccccc2c2cc(-c3ccc(OC)cc3-c3cocc3-c3cc(OC)ccc3-c3ccc4c(c3)c3ccccc3n4CC)ccc21,4.244223790708915e-17,0.1523744942922673,0.6702058040029593,4.200265090475215e-25,398.6593034598111
c1ccc(N(c2ccccc2)c2ccc(-c3ncccc3-c3ccc4ccc(-c5cccnc5-c5ccc(N(c6ccccc6)c6ccccc6)cc5)cc4c3)cc2)cc1,3.3429766287554687e-20,0.006970590992725074,nan,nan,nan
Cc1cc(-c2cc(-c3cc(C)c(-c4ccc(N5c6ccccc6Sc6ccc(C(F)(F)F)cc65)cc4)cc3C)c3nccn3c2)c(C)cc1-c1ccc(N2c3ccccc3Sc3ccc(C(F)(F)F)cc32)cc1,3.950695919233217e-18,0.021711369942349297,1.4928478785896855,6.410465510236066e-25,472.8965552730122
CN(C)c1ccc(-c2cccc(-c3cc(-c4cccc(-c5ccc(N(C)C)cc5)c4F)c(C(=O)O)cn3)c2F)cc1,1.6124261340004186e-17,0.13831012975659512,2.5094970802606555,6.676534481234976e-25,497.49101320324456
Fc1c(F)c(C=Cc2ccc(-c3ccc(-n4c5ccccc5c5ccccc54)cc3)cc2)c(F)c(C=Cc2ccc(-c3ccc(-n4c5ccccc5c5ccccc54)cc3)cc2)c1F,3.0166013866138927e-17,0.18056353505279993,1.2062697627013221,4.621228818953206e-25,442.0471196397086
Cn1cnc2ccc(-c3ccc(-c4cc5nsnc5cc4-c4ccc(-c5ccc6ncn(C)c6c5)cc4)cc3)cc21,1.3433893249294664e-17,0.055539857957878684,1.11787672439795,6.760658979234367e-25,521.2447847760236
Cc1cnc(-c2cc3cc(-c4ccc5c(ccn5C)c4)ccc3o2)c(-c2cc3cc(-c4ccc5c(ccn5C)c4)ccc3o2)c1,1.7402172968947665e-20,0.007696157017061451,nan,nan,nan
Cc1ccc(N(c2ccc(C)cc2)c2ccc(-c3ccc(-c4cc(C#N)cc(-c5ccc(-c6ccc(N(c7ccc(C)cc7)c7ccc(C)cc7)cc6)cc5C)c4)c(C)c3)cc2)cc1,2.1698595978300826e-17,0.2913055138336574,3.5971724190832224,6.757156306022735e-25,499.7928665135835
CN(C)c1ccc(-c2ccc(-c3ccc(-c4ccc(-c5ccc(N(C)C)cc5)cc4)o3)cc2)cc1,1.1625375394580881e-17,0.09111567666552213,1.0289388433273132,6.418203581871309e-25,482.12833948109954
CCOC(=O)c1cc(-c2ccc3c(c2)c2ccccc2n3CC)cc(-c2ccc(-c3cc(C(=O)OCC)cc(-c4ccc5c(c4)c4ccccc4n5CC)c3)o2)c1,1.6958409151102526e-17,0.16729434811404084,1.9254368323932207,4.647573011942434e-25,444.3649274137839
C(=C/c1c2ccccc2c(/C=C/c2ccc(-n3c4ccccc4c4ccccc43)cc2)c2ccccc12)\c1ccc(-n2c3ccccc3c3ccccc32)cc1,1.876531984054019e-17,0.16866025432131937,1.3049378623534678,3.266747523277994e-25,447.4543034366252
Cc1cc(-c2cc(-c3ccc4c5ccccc5n(-c5ccccc5)c4c3)ccc2C#N)c(C)cc1-c1cc(-c2ccc3c4ccccc4n(-c4ccccc4)c3c2)ccc1C#N,1.0587776235814515e-17,0.8894184721682764,0.9876484293298295,7.731887224505436e-25,445.13738224084034
CCn1c2ccccc2c2cc(-c3cc(-c4nnn(C)c4-c4cc(-c5ccc6c(c5)c5ccccc5n6CC)no4)on3)ccc21,4.971434662676163e-17,0.36136676188786265,1.8786714151268198,5.849831179200375e-25,411.07947055914326
COc1ccc(N(c2ccc(OC)cc2)c2ccc(-c3cc(C)c(F)c(-c4cc(O)cc(-c5cc(-c6ccc(N(c7ccc(OC)cc7)c7ccc(OC)cc7)cc6)cc(C)c5F)c4)c3)cc2)cc1,1.0824032618232746e-17,0.23200833370716287,5.761785307407354,6.461967418387377e-25,475.205498424622
Cc1cc(-c2cc(-c3ccc(N4c5ccccc5Oc5ccccc54)cc3)ccc2C#N)c(C)cc1-c1cc(-c2ccc(N3c4ccccc4Oc4ccccc43)cc2)ccc1C#N,2.9170781812002115e-20,0.0014966024972913159,nan,nan,nan
Cc1ccc(N(c2ccc(C)cc2)c2ccc(/C=C/c3ccc(-c4ccc(/C=C/c5ccc(N(c6ccc(C)cc6)c6ccc(C)cc6)cc5)cc4N)c(N)c3)cc2)cc1,1.3783006267203428e-17,0.16686977868530598,2.389717942884699,4.45868543065896e-25,442.0471196397086
CCCCCCCCCCc1cc(-c2cc(C(=O)OCC)cc(-c3ccc(N(c4ccccc4)c4ccccc4)cc3)c2)sc1-c1cc(C(=O)OCC)cc(-c2ccc(N(c3ccccc3)c3ccccc3)cc2)c1,7.14286516728668e-20,0.003644928852917027,nan,nan,nan
C(=C/c1ccccc1-c1ccccc1/C=C/c1ccc2c3ccccc3n(-c3ccc(-c4ccccc4)cc3)c2c1)\c1ccc2c3ccccc3n(-c3ccc(-c4ccccc4)cc3)c2c1,4.7890797642652914e-17,0.34970392202981726,1.954700830963548,6.251413246048227e-25,395.5513052313373
COc1ccc(N(c2ccc(OC)cc2)c2ccc(-c3ccc(C#N)c(-c4cc(-c5cc(-c6ccc(N(c7ccc(OC)cc7)c7ccc(OC)cc7)cc6)ccc5C#N)c(OC)c(F)c4F)c3)cc2)cc1,9.329749611713212e-20,0.005075532598973798,nan,nan,nan
CCCCc1cc(-c2cc(-c3ccc(N4c5ccccc5Sc5ccccc54)cc3)ccc2C#N)sc1-c1cc(-c2ccc(N3c4ccccc4Sc4ccccc43)cc2)ccc1C#N,1.400849436596341e-17,0.06014143446649438,0.7910909499188117,4.529965386762352e-25,465.1952769950271
C(=C/c1cccc(-c2cccc(-c3cccc(/C=C/c4ccc(-n5c6ccccc6c6ccccc65)cc4)n3)n2)n1)\c1ccc(-n2c3ccccc3c3ccccc32)cc1,6.211115978761414e-17,0.7173845716997005,2.8836509456905035,6.134341012311683e-25,455.172571993872
Fc1ccc(-c2ccc(N3c4ccccc4Sc4ccc(C(F)(F)F)cc43)cc2)cc1-c1cnc(-c2cc(-c3ccc(N4c5ccccc5Sc5ccc(C(F)(F)F)cc54)cc3)ccc2F)cn1,6.478458866587842e-20,0.0022455315844402256,nan,nan,nan
CC(C)(C)OC(=O)n1ccc2cc(-c3ccc(/C=C/c4ccccc4-c4ccccc4/C=C/c4ccc(-c5ccc6c(ccn6C(=O)OC(C)(C)C)c5)cc4)cc3)ccc21,5.500227519691455e-20,0.006979722835186831,nan,nan,nan
CCOC(=O)c1cc(-c2ccc(-n3c4ccccc4c4ccc(OC)cc43)cc2)cc(-c2ccc(-c3cc(C(=O)OCC)cc(-c4ccc(-n5c6ccccc6c6ccc(OC)cc65)cc4)c3)c(N)c2)c1,4.9685163014083e-18,0.039126411251501236,1.5727933401354952,4.794979734636672e-25,431.99560189173405
Cc1ccc(N(c2ccc(C)cc2)c2ccc(-c3ccc(/C=C/c4cc(/C=C/c5ccc(-c6ccc(N(c7ccc(C)cc7)c7ccc(C)cc7)cc6)cc5)c(N)c(C(F)(F)F)c4)cc3)cc2)cc1,2.0349491330293495e-17,0.20775643887079856,2.986218397616341,7.239457369546048e-25,515.1215720337251
CN(C)c1ccc(-c2ccc(-c3cc(O)c(-c4ccc(-c5ccc(N(C)C)cc5)nc4)cc3O)cn2)cc1,3.2951612380475885e-17,0.2527515728992505,2.285831227310565,6.705165207774432e-25,499.7928665135835
Nc1cc(C=Cc2ccc(-n3c4ccccc4c4ccccc43)cc2)ccc1C=Cc1ccc(-n2c3ccccc3c3ccccc32)cc1,9.705839096693324e-17,0.6651212920627427,2.407717064594147,8.4155855901965e-25,489.04519824466433
Nc1c(-c2cscc2-c2ccc3c4ccccc4n(-c4ccc(-c5ccccc5)cc4)c3c2)cccc1-c1cscc1-c1ccc2c3ccccc3n(-c3ccc(-c4ccccc4)cc3)c2c1,1.0097030928135673e-17,0.054336531145975586,1.7282984012458849,7.232940515965894e-25,385.4421431325997
COc1ccc(N(c2ccc(OC)cc2)c2ccc(-c3cc(-c4c(F)c(F)c(F)c(-c5cc(-c6ccc(N(c7ccc(OC)cc7)c7ccc(OC)cc7)cc6)c6ccccc6c5F)c4F)c(F)c4ccccc34)cc2)cc1,5.342953577816213e-20,0.009823438651435184,nan,nan,nan
COc1cc(-c2ccc(N3c4ccccc4Oc4ccccc43)cc2)cc(-c2c(C)nn(C)c2-c2cc(OC)cc(-c3ccc(N4c5ccccc5Oc5ccccc54)cc3)c2)c1,4.971183679130641e-20,0.00939955213129191,nan,nan,nan
CN(C)c1ccc(-c2cccc(-c3ccc(-c4cccc(-c5ccc(N(C)C)c6ccccc56)c4F)c4nsnc34)c2F)c2ccccc12,4.6343025360974104e-20,0.00510387060080945,nan,nan,nan
COc1ccc(N(c2ccc(OC)cc2)c2ccc(-c3cccc(-c4c5ccccc5c(-c5c6ccccc6c(-c6cccc(-c7ccc(N(c8ccc(OC)cc8)c8ccc(OC)cc8)cc7)c6F)c6ccccc56)c5ccccc45)c3F)cc2)cc1,1.4678429595386146e-20,0.001369663630510266,nan,nan,nan
COc1ccc(N(c2ccc(OC)cc2)c2ccc(-c3cccc(F)c3-c3cc(C#N)cc(-c4c(F)cccc4-c4ccc(N(c5ccc(OC)cc5)c5ccc(OC)cc5)cc4)c3)cc2)cc1,1.4128548019389068e-17,0.26658733158339365,5.347485508449996,7.186241054589915e-25,502.0940552359185
CCOc1c(-c2ccc(N(c3ccc(OC)cc3)c3ccc(OC)cc3)cc2)cc(Cl)cc1-c1cc2sc(-c3cc(Cl)cc(-c4ccc(N(c5ccc(OC)cc5)c5ccc(OC)cc5)cc4)c3OCC)cc2s1,1.706653682230245e-17,0.29682973525057477,4.855609019357197,7.063082607156112e-25,501.32706617068965
CCn1c2ccccc2c2cc(-c3ccc(-c4ccc(C#N)c(-c5ccc(-c6ccc7c(c6)c6ccccc6n7CC)cc5C)c4)c(C)c3)ccc21,1.2842525218429307e-16,0.6603023566105188,1.4309596192827962,6.653128820351677e-25,486.74024333184616
c1ccc(-n2c3ccccc3c3ccc(-c4cccc(-c5cc(-c6cccc(-c7ccc8c9ccccc9n(-c9ccccc9)c8c7)c6)c6nccn6c5)c4)cc32)cc1,7.587962752691306e-20,0.005875690258538957,nan,nan,nan
c1ccc2c(c1)Sc1ccccc1N2c1ccc(-c2ccc(-c3ccc(-c4ccc(-c5ccc(N6c7ccccc7Sc7ccccc76)cc5)nc4)nc3)cn2)cc1,3.834951344093646e-20,0.0038545056196918888,nan,nan,nan
CCn1c2ccccc2c2cc(-c3ccc(OC)cc3-c3ccc4c(c3)[nH]c3cc(-c5cc(OC)ccc5-c5ccc6c(c5)c5ccccc5n6CC)ccc34)ccc21,1.760485376714692e-17,0.1133401538592128,1.4203237048557291,4.963848037772995e-25,403.3190834085672
CN(C)c1ccc(-c2ncccc2-c2ccc(OC(F)(F)F)cc2-c2cccnc2-c2ccc(N(C)C)cc2)cc1,4.962880599068749e-20,0.009923650971381363,nan,nan,nan
COc1ccc2c(c1)N(c1ccc(-c3cccc(-c4[nH]c5nc[nH]c(=O)c5c4-c4cccc(-c5ccc(N6c7ccccc7Sc7ccc(OC)cc76)cc5)c4F)c3F)cc1)c1ccccc1S2,7.848957394361963e-20,0.006989725313847239,nan,nan,nan
Fc1c(-c2ccc3c(c2)c2ccccc2n3-c2ccccc2)cccc1-c1ccc(-c2ccc(-c3ccc(-c4cccc(-c5ccc6c(c5)c5ccccc5n6-c5ccccc5)c4F)s3)s2)s1,1.0088524835623086e-16,0.14769146448489545,0.45371996044620583,6.9733694408298785e-25,465.1952769950271
c1ccc(-c2ccc3c(c2)c2cc(-c4ncccc4-c4cc(-c5cccnc5-c5ccc6c(c5)c5cc(-c7ccccc7)ccc5n6-c5ccccc5)c5nccn5c4)ccc2n3-c2ccccc2)cc1,8.129452007158914e-18,0.07949275138418427,2.1555300372126758,4.993536571045038e-25,395.5513052313373
C(=C/c1ccc(-n2c3ccccc3c3ccccc32)cc1)\c1ccc(/C=C/c2ccc(-n3c4ccccc4c4ccccc43)cc2)cc1,1.7974428356242126e-16,0.952732977498755,1.326106010239319,6.080862266762742e-25,449.7705597156153
Cc1cc(-c2ccc3c(c2)c2cc(-c4ccccc4)ccc2n3-c2ccccc2)c(C)cc1-c1ccc(-c2cc(C)c(-c3ccc4c(c3)c3cc(-c5ccccc5)ccc3n4-c3ccccc3)cc2C)c(C)c1,3.307595700194494e-17,0.10499975046522243,1.3349760609515064,9.461939084501587e-25,385.4421431325997
Oc1c(-c2ccc(-c3ccc(-c4cccc(-n5c6ccccc6c6ccccc65)c4)s3)s2)cc(F)cc1-c1ccc(-c2ccc(-c3cccc(-n4c5ccccc5c5ccccc54)c3)s2)s1,4.64637634742712e-17,0.07091123816091024,0.39091608510602993,5.7988474533944955e-25,412.6306611133371
Cc1cc(-c2ccccc2-c2ccc3c(ccn3C)c2)sc1-c1ccccc1-c1ccc2c(ccn2C)c1,1.4091503800759943e-20,0.004250991520815399,nan,nan,nan
CCn1c2ccccc2c2cc(-c3cc(Cl)cc(-c4ccc(-c5cc(Cl)cc(-c6ccc7c(c6)c6ccccc6n7CC)c5)s4)c3)ccc21,9.666092451053796e-17,0.4537267398227851,1.2752621087691933,6.328914918722588e-25,445.13738224084034
C(=C/c1ccc(/C=C/c2ccc(-c3ccc(-n4c5ccccc5c5ccccc54)cc3)cc2)c2nsnc12)\c1ccc(-c2ccc(-n3c4ccccc4c4ccccc43)cc2)cc1,9.5222710708354e-17,0.9126364384264628,4.935117327431183,1.2639020098270691e-24,591.3221913924035
c1ccc2c(-c3cc4cc(-c5ccc(-n6c7ccccc7c7ccccc76)cc5)ccc4o3)c3ccccc3c(-c3cc4cc(-c5ccc(-n6c7ccccc7c7ccccc76)cc5)ccc4o3)c2c1,2.931466451904417e-17,0.3789483545711327,0.9653093633628576,1.6801727611728051e-25,396.32841566057107
COC(=O)c1cc(-c2cc(OC)cc(-c3ccc4c(c3)c3ccccc3n4-c3ccccc3)c2)cnc1-c1cc(OC)cc(-c2ccc3c(c2)c2ccccc2n3-c2ccccc2)c1,8.061335321671146e-20,0.007547628750557503,nan,nan,nan
c1ccc(N(c2ccccc2)c2ccc(-c3ncccc3-c3ccccc3-c3ccccc3-c3cccnc3-c3ccc(N(c4ccccc4)c4ccccc4)cc3)cc2)cc1,3.9694472898933196e-17,0.24108408044011584,1.1469093489680076,4.476959426418402e-25,411.07947055914326
Cn1ccc2cc(-c3ccc4oc(-c5cc(-c6cc7cc(-c8ccc9c(ccn9C)c8)ccc7o6)c(F)c(F)c5F)cc4c3)ccc21,1.2651845337526978e-17,0.16153528426516928,2.072428168559824,4.077794345970634e-25,431.221891001135
CC(C)(C)OC(=O)n1nc(-c2ccccc2-c2ccccc2-c2ccc3c4ccccc4n(-c4ccccc4)c3c2)nc1-c1ccccc1-c1ccccc1-c1ccc2c3ccccc3n(-c3ccccc3)c2c1,5.902926103636227e-20,0.005646288050110549,nan,nan,nan
Cc1cc(-c2ccc(N(C)C)cc2)ccc1-c1ccc(-c2ccc(-c3ccc(N(C)C)cc3)cc2C)c2nsnc12,7.584627065743938e-20,0.0015047733173087973,nan,nan,nan
CCOc1c(-c2ccc3c(c2)c2ccccc2n3-c2ccccc2)cc(Cl)cc1-c1nnn(C)c1-c1cc(Cl)cc(-c2ccc3c(c2)c2ccccc2n3-c2ccccc2)c1OCC,8.270513773740674e-20,0.007323319997491184,nan,nan,nan
COc1ccc2c3ccc(OC)cc3n(-c3ccc(-c4ccccc4-c4ccc5c(c4)[nH]c4cc(-c6ccccc6-c6ccc(-n7c8cc(OC)ccc8c8ccc(OC)cc87)cc6)ccc45)cc3)c2c1,1.559739069796332e-17,0.29086315173093497,4.048230784055752,5.214816717127725e-25,470.58694736416794
COc1cc(-c2cccc(-c3cccc(-n4c5ccccc5c5ccccc54)c3)c2F)c(OC)cc1-c1cccc(-c2cccc(-n3c4ccccc4c4ccccc43)c2)c1F,9.897361003483946e-18,0.0738668922181958,1.1376437049793324,3.442350012207335e-25,407.9762025877279
COc1ccc2c3ccccc3n(-c3ccc(-c4ncccc4-c4sc(-c5cccnc5-c5ccc(-n6c7ccccc7c7ccc(OC)cc76)cc5)c(C(=O)O)c4C(=O)O)cc3)c2c1,5.963041889334473e-20,0.008119272882401503,nan,nan,nan
COc1cccc(-c2sc3ccccc3c2-c2ccc(N(C)C)cc2)c1-c1sc2ccccc2c1-c1ccc(N(C)C)cc1,4.280244366460111e-17,0.11482143567402643,0.7083080104907526,6.565845196185774e-25,538.0592573819839
C(=C/c1ccc(-c2ccc3c(c2)c2ccccc2n3-c2ccccc2)cc1)\c1ccc(/C=C/c2ccc(-c3ccc4c(c3)c3ccccc3n4-c3ccccc3)cc2)cc1,2.03203072730188e-16,0.8238434018640343,1.1037501124385836,6.360140447110912e-25,463.6541349491737
CC(C)(C)OC(=O)N(c1ccccc1)c1ccc(-c2ccc(-c3sc(-c4ccc(-c5ccc(N(C(=O)OC(C)(C)C)c6ccccc6)cc5)nc4)c4c3OCCO4)cn2)cc1,3.790523373935045e-17,0.1354004593055795,1.0004485813973008,6.301679803174277e-25,385.4421431325997
COc1cc(-c2ccc(-c3ccc(N(C)C)c4ccccc34)nc2)c2ncccc2c1-c1ccc(-c2ccc(N(C)C)c3ccccc23)nc1,6.52803957626728e-20,0.007377172110567547,nan,nan,nan
c1ccc(N(c2ccccc2)c2ccc(-c3ccc(-c4cccc(-c5cccc(-c6cccc(-c7ccc(-c8ccc(N(c9ccccc9)c9ccccc9)cc8)cc7)n6)n5)n4)cc3)cc2)cc1,3.865123046455075e-17,0.38290648733604277,2.781127315320475,6.918418493326492e-25,503.6278118424141
COC(=O)c1cc(-c2cc(OC)cc(-c3ccc(-n4c(-c5ccccc5)nc5ccccc54)cc3)c2)c(F)c(-c2cc(OC)cc(-c3ccc(-n4c(-c5ccccc5)nc5ccccc54)cc3)c2)c1N,5.870627631902081e-18,0.0847484028143805,2.375127795595218,3.701881499464251e-25,411.07947055914326
Cc1cc(-c2cc(CO)cc(-c3cc(C)cc(-c4ccc5c(c4)c4ccccc4n5-c4ccccc4)c3)c2)cc(-c2ccc3c(c2)c2ccccc2n3-c2ccccc2)c1,3.5391276216498894e-17,0.23627774083568134,1.426423757538146,4.886639902472602e-25,445.13738224084034
CC1(C)c2cc(-c3ccc(-c4ccc5c(c4)c4ccccc4n5-c4ccccc4)cc3)ccc2-c2ccc(-c3ccc(-c4ccc5c(c4)c4ccccc4n5-c4ccccc4)cc3)cc21,1.2890490284642204e-17,0.17070601743147767,1.5997990479426367,3.987679366195839e-25,385.4421431325997
CCn1c2ccccc2c2cc(-c3ccc(C#N)c(-c4ccc5cc(-c6cc(-c7ccc8c(c7)c7ccccc7n8CC)ccc6C#N)ccc5c4)c3)ccc21,4.57253655686308e-17,0.5867592762462257,2.9793564546645155,5.881857305127466e-25,489.813368846955
O=C1c2cc(/C=C/c3ccc(-n4c5ccccc5c5ccccc54)cc3)ccc2-c2ccc(/C=C/c3ccc(-n4c5ccccc5c5ccccc54)cc3)cc21,3.239678157440595e-18,0.05356976124594541,1.1216416413499872,5.416018959175935e-25,445.13738224084034
COc1ccc2c3ccc(OC)cc3n(-c3ccc(-c4ccccc4-c4ccccc4-c4cc(-c5ccccc5-c5ccccc5-c5ccc(-n6c7cc(OC)ccc7c7ccc(OC)cc76)cc5)c(F)nc4N)cc3)c2c1,6.965130277885805e-20,0.007489714979951808,nan,nan,nan
CCOc1c(-c2ccc3c4ccccc4n(-c4ccccc4)c3c2)cc(Cl)cc1-c1cc(-c2cc(Cl)cc(-c3ccc4c5ccccc5n(-c5ccccc5)c4c3)c2OCC)c(OC)c(F)c1F,3.664296674372391e-17,0.16550814130366473,0.8451678766342298,4.219996006394352e-25,385.4421431325997
Fc1c(F)c(-c2c(F)c(F)c(/C=C/c3ccc(-c4ccc(-n5c6ccccc6c6ccccc65)cc4)cc3)c(F)c2F)c(F)c(F)c1/C=C/c1ccc(-c2ccc(-n3c4ccccc4c4ccccc43)cc2)cc1,5.753869868096816e-20,0.008176919496592702,nan,nan,nan
COc1ccc(-c2ccc3c(ccn3C)c2)cc1-c1cc(C(F)(F)F)c(-c2cc(-c3ccc4c(ccn4C)c3)ccc2OC)cn1,4.8974712894497545e-20,0.0031211775208497324,nan,nan,nan
N#CCc1cc(-c2cc(-c3ccc(N4c5ccccc5Sc5ccc(C(F)(F)F)cc54)cc3)ccc2F)ccc1-c1cc(-c2ccc(N3c4ccccc4Sc4ccc(C(F)(F)F)cc43)cc2)ccc1F,2.65442996230409e-18,0.025026634193111356,2.5815753756927133,6.4373685252929365e-25,472.8965552730122
CCn1c2ccccc2c2cc(-c3cc(-c4cc(-c5ccnc(-c6ccc7c(c6)c6ccccc6n7CC)c5)c(OCc5ccccc5)cc4F)ccn3)ccc21,5.399160815379622e-20,0.006880994549806855,nan,nan,nan
CN(C)c1ccc(-c2cc(-c3cc(-c4ccnc(-c5ccc(N(C)C)cc5)c4)c4nccn4c3)ccn2)cc1,7.418868663357134e-20,0.002426961156460683,nan,nan,nan
CN(C)c1ccc(-c2ccc(-c3ccc(-c4cccc(-c5ccc(-c6ccc(-c7ccc(N(C)C)c8ccccc78)s6)s5)n4)s3)s2)c2ccccc12,5.501062874792507e-20,0.0030282083774910667,nan,nan,nan
O=C(O)Cc1ccc(-c2cccc(-c3ccc4c5ccccc5n(-c5ccc(-c6ccccc6)cc5)c4c3)c2)cc1-c1cccc(-c2ccc3c4ccccc4n(-c4ccc(-c5ccccc5)cc4)c3c2)c1,3.486767561436093e-17,0.11479632829966992,1.19578389669319,8.695748332656471e-25,385.4421431325997
CN(C)c1ccc(-c2ccc(-c3cc(C(=O)O)c(N)c(-c4ccc(-c5ccc(N(C)C)c6ccccc56)s4)c3F)s2)c2ccccc12,4.0255173685929426e-20,0.00711176018280423,nan,nan,nan
CCn1c2ccccc2c2cc(-c3ccc(-c4cocc4-c4ccc(-c5ccc6c(c5)c5ccccc5n6CC)s4)s3)ccc21,1.1654524490304564e-17,0.0875369414576309,1.7964546623847142,5.381482965610686e-25,394.77412088646463
Fc1ccc(-c2ccc(N3c4ccccc4Oc4ccccc43)cc2)c(-c2cnc(-c3c(-c4ccc(N5c6ccccc6Oc6ccccc65)cc4)ccc(F)c3F)c3nsnc23)c1F,2.631253018405467e-20,0.005690760424555498,nan,nan,nan
Cc1ccc(N(c2ccc(C)cc2)c2ccc(-c3ccccc3-c3ccccc3-c3ccc(/C=C/c4ccc(-c5ccccc5-c5ccccc5-c5ccc(N(c6ccc(C)cc6)c6ccc(C)cc6)cc5)cc4)cc3)cc2)cc1,5.1957060568375524e-17,0.48214688280540047,3.155517382767715,8.230368307688683e-25,532.7130735422012
C(=C/c1ccc2cc(/C=C/c3ccc(-n4c5ccccc5c5ccccc54)cc3)ccc2c1)\c1ccc(-n2c3ccccc3c3ccccc32)cc1,1.7584851465320108e-16,0.9338046176867394,1.2807683678704855,5.838732452036746e-25,448.22646274188276
Cc1cc(-c2ccc(N(C(=O)OC(C)(C)C)c3ccccc3)cc2)ccc1-c1cc(C(=O)O)c(-c2ccc(-c3ccc(N(C(=O)OC(C)(C)C)c4ccccc4)cc3)cc2C)cc1C(=O)O,3.725406705909424e-20,0.00916190218587138,nan,nan,nan
CCCCCCCCCCCCc1cc(-c2cc(C(F)(F)F)ccc2-c2ccc3c(ccn3C)c2)sc1-c1cc(C(F)(F)F)ccc1-c1ccc2c(ccn2C)c1,5.62520274496819e-20,0.0013960095819037699,nan,nan,nan
COc1ccc2c3ccc(OC)cc3n(-c3ccc(-c4ccc(-c5cc6sc(-c7ccc(-c8ccc(-n9c%10cc(OC)ccc%10c%10ccc(OC)cc%109)cc8)nc7)cc6s5)cn4)cc3)c2c1,6.373071757068785e-18,0.018858387767252113,0.6187520570249464,5.189332149332304e-25,515.1215720337251
c1ccc2c(c1)c1ccccc1n2-c1ccc(-c2ccc3oc(-c4ccc(-c5cc6cc(-c7ccc(-n8c9ccccc9c9ccccc98)cc7)ccc6o5)cc4)cc3c2)cc1,7.548487719734457e-17,0.7654501645473106,1.9977517725860825,4.432687090160185e-25,406.42412516191064
COc1ccc(N(c2ccc(OC)cc2)c2ccc(-c3ccccc3-c3nnc(-c4ccccc4-c4ccc(N(c5ccc(OC)cc5)c5ccc(OC)cc5)cc4)s3)cc2)cc1,1.8698352176037504e-17,0.12520259659434532,1.8807619080743943,6.319843702473907e-25,486.74024333184616
C(=C/c1cnc(/C=C/c2ccc(-n3c4ccccc4c4ccccc43)cc2)c2nsnc12)\c1ccc(-n2c3ccccc3c3ccccc32)cc1,6.305738989148713e-17,0.1798218043085346,1.5661556612810075,1.3759567335696423e-24,657.0165589276587
Cc1cc(-c2cc3cc(-c4ccc5c(ccn5C)c4)ccc3o2)ncc1-c1cc2cc(-c3ccc4c(ccn4C)c3)ccc2o1,1.1221146642170625e-17,0.08952186328697731,1.9187024849513212,6.047048391131062e-25,518.1837690466166
c1ccc2c(c1)c1ccccc1n2-c1ccc(-c2ccc3oc(-c4ccc5cc(-c6cc7cc(-c8ccc(-n9c%10ccccc%10c%10ccccc%109)cc8)ccc7o6)ccc5c4)cc3c2)cc1,7.910898872466329e-17,0.8076283412195228,1.835162045439113,4.044559407338847e-25,412.6306611133371
Fc1cc(/C=C/c2ccc(-c3ccc(-n4c5ccccc5c5ccccc54)cc3)cc2)c(F)cc1/C=C/c1ccc(-c2ccc(-n3c4ccccc4c4ccccc43)cc2)cc1,1.3459905864275466e-16,0.9266044559114166,1.57204240602129,5.521073203187562e-25,466.7361235717311
O=C(O)c1cc(-c2c(F)cccc2-c2ccc3c4ccccc4n(-c4ccccc4)c3c2)ccc1-c1c(F)cccc1-c1ccc2c3ccccc3n(-c3ccccc3)c2c1,1.668472068692454e-17,0.13358512556955301,1.4259366869375936,4.3523618653549845e-25,440.5015450408645
Fc1ncc(-c2ccncc2-c2ccc3c4ccccc4n(-c4ccccc4)c3c2)cc1-c1ccncc1-c1ccc2c3ccccc3n(-c3ccccc3)c2c1,4.2779072928099943e-20,0.005499359200974371,nan,nan,nan
c1ccc(N(c2ccccc2)c2cccc(-c3cc(-c4ccc(-c5cc(-c6cccc(N(c7ccccc7)c7ccccc7)c6)no5)nc4)on3)c2)cc1,8.416046484538251e-18,0.06124835574013409,1.776722790463488,6.093828891120305e-25,500.5600032634237
Cn1ccc2cc(-c3cccc(F)c3-c3cc(C(F)(F)F)c(-c4c(F)cccc4-c4ccc5c(ccn5C)c4)cn3)ccc21,1.7791277302354604e-17,0.2877317501684776,2.5733666096169348,3.5801689449423266e-25,439.72864691499257
c1ccc2c(c1)Oc1ccccc1N2c1ccc(-c2ccccc2-c2ccc(-c3ccccc3-c3ccc(N4c5ccccc5Oc5ccccc54)cc3)c3nsnc23)cc1,8.162675058926571e-17,0.42206243252931436,1.6702218510044329,7.705170897354084e-25,514.3558382009286
COc1ccc(N(c2ccc(OC)cc2)c2ccc(-c3ccc(C#N)c(-c4cccc(-c5cccc(-c6cc(-c7ccc(N(c8ccc(OC)cc8)c8ccc(OC)cc8)cc7)ccc6C#N)n5)n4)c3)cc2)cc1,6.20582288096383e-19,0.006840833979597378,1.0721479208964904,4.1246202812929927e-25,406.42412516191064
CCOc1c(-c2ccc3c(ccn3C)c2)cc(Cl)cc1-c1c2ccccc2c(-c2c3ccccc3c(-c3cc(Cl)cc(-c4ccc5c(ccn5C)c4)c3OCC)c3ccccc23)c2ccccc12,2.606057492795198e-18,0.12109674848871307,11.008322808457931,5.992373557559756e-25,486.74024333184616
COc1ccc2c3ccccc3n(-c3ccc(-c4cc(-c5cnc(-c6cc(-c7ccc(-n8c9ccccc9c9ccc(OC)cc98)cc7)c7ccccc7c6F)cn5)c(F)c5ccccc45)cc3)c2c1,6.550807855488917e-20,0.008778042836543687,nan,nan,nan
CCOC(=O)c1cc(-c2ccc3c(ccn3C(=O)OC(C)(C)C)c2)cc(-c2c3ccccc3c(-c3c4ccccc4c(-c4cc(C(=O)OCC)cc(-c5ccc6c(ccn6C(=O)OC(C)(C)C)c5)c4)c4ccccc34)c3ccccc23)c1,1.038394762396222e-17,0.10316060486445176,2.4442667681710795,6.23334423546155e-25,489.04519824466433
Cc1cc(/C=C/c2ccc(-c3ccc(-n4c5ccccc5c5ccccc54)cc3)cc2)c(C)cc1/C=C/c1ccc(-c2ccc(-n3c4ccccc4c4ccccc43)cc2)cc1,3.1378954061781555e-16,0.9974980997875483,1.0282562315669452,7.400762838206855e-25,461.3418678663368
CN(C)c1ccc(-c2cc(F)cc(-c3c(F)c(F)c(-c4c(F)c(F)c(-c5cc(F)cc(-c6ccc(N(C)C)cc6)c5)c(F)c4F)c(F)c3F)c2)cc1,4.170012818320875e-17,0.4437730515176479,3.3033562210407204,7.785688107379772e-25,529.656487319634
CCCCCCc1cc(-c2cc(-c3ccc(N(c4ccc(OC)cc4)c4ccc(OC)cc4)cc3)cc(C)c2F)sc1-c1cc(-c2ccc(N(c3ccc(OC)cc3)c3ccc(OC)cc3)cc2)cc(C)c1F,5.789696994814744e-17,0.32776363386247387,1.776773790523879,7.510703446591039e-25,495.95607510696436
COc1ccc2c3ccc(OC)cc3n(-c3ccc(-c4ccc(-c5c(F)c(F)c(F)c(-c6ccc(-c7ccc(-n8c9cc(OC)ccc9c9ccc(OC)cc98)cc7)cc6)c5F)cc4)cc3)c2c1,1.193305726682985e-17,0.18525277789229172,4.037415507167499,6.398537611036073e-25,514.3558382009286
Cc1csc(-c2ccc(-c3cccc(-n4c5ccccc5c5ccccc54)c3)cc2)c1-c1ccc(-c2cccc(-n3c4ccccc4c4ccccc43)c2)cc1,2.9676235840723384e-20,0.003469548721594896,nan,nan,nan
Fc1cc(/C=C/c2ccc(-n3c4ccccc4c4ccccc43)cc2)c(F)cc1/C=C/c1ccc(-n2c3ccccc3c3ccccc32)cc1,1.302247415536193e-16,0.9577910339043493,2.022042266220167,6.910915848624168e-25,491.3494885017865
CN(C)c1ccc(-c2ccc3oc(-c4ccc(S(C)(=O)=O)cc4-c4cc5cc(-c6ccc(N(C)C)c7ccccc67)ccc5o4)cc3c2)c2ccccc12,3.2238438397553e-20,0.005120214730004074,nan,nan,nan
Cn1ccc2cc(-c3ccc(C#N)c(-c4ccc5c(c4)C(C)(C)c4cc(-c6cc(-c7ccc8c(ccn8C)c7)ccc6C#N)ccc4-5)c3)ccc21,1.3908929833244606e-17,0.13773946276745377,1.8673556654769496,4.573307699212362e-25,472.8965552730122
CCn1c2ccccc2c2cc(-c3cncc(-c4cnc(C#N)c(-c5cncc(-c6ccc7c(c6)c6ccccc6n7CC)c5)c4)c3)ccc21,3.0393975047715384e-17,0.20429958129553594,2.209493434472246,7.865998192055393e-25,515.887232034155
Nc1cc(-c2cc3cc(-c4ccc(-n5c6ccccc6c6ccccc65)cc4)ccc3o2)ccc1-c1ccc(-c2cc3cc(-c4ccc(-n5c6ccccc6c6ccccc65)cc4)ccc3o2)cc1N,5.874192978401896e-17,0.36174336369719645,1.608958619498704,6.090809549018774e-25,442.8197961137553
CN(C)c1ccc(-c2ccc3oc(-c4c5ccccc5c(-c5c6ccccc6c(-c6cc7cc(-c8ccc(N(C)C)cc8)ccc7o6)c6ccccc56)c5ccccc45)cc3c2)cc1,8.041037261139917e-20,0.007815297016963598,nan,nan,nan
c1ccc2c(c1)c1ccccc1n2-c1ccc(-c2ccc3oc(-c4ccc(-c5cc6cc(-c7ccc(-n8c9ccccc9c9ccccc98)cc7)ccc6o5)s4)cc3c2)cc1,1.1794053620028475e-16,0.3591964552047099,0.6990728483388626,5.164591885813677e-25,447.4543034366252
c1cc(-c2cccc(-c3sc4ccccc4c3-c3ccc(N4c5ccccc5Oc5ccccc54)cc3)n2)nc(-c2sc3ccccc3c2-c2ccc(N3c4ccccc4Oc4ccccc43)cc2)c1,5.552500065831761e-20,0.005004766516776435,nan,nan,nan
COc1cccc(/C=C/c2ccc3c4ccccc4n(-c4ccccc4)c3c2)c1/C=C/c1ccc2c3ccccc3n(-c3ccccc3)c2c1,5.092581846869739e-17,0.31405069335300884,1.2436111795479583,4.5417328975916735e-25,439.72864691499257
CCCCc1cc(-c2cc(-c3ccc4c(ccn4C)c3)cc(C(F)(F)F)c2)sc1-c1cc(-c2ccc3c(ccn3C)c2)cc(C(F)(F)F)c1,8.39816739520846e-20,0.0015795216457398591,nan,nan,nan
CN(C)c1ccc(-c2cc(-c3ccc(-c4cc(-c5ccc(N(C)C)cc5)cc(C(F)(F)F)c4)c4nsnc34)cc(C(F)(F)F)c2)cc1,4.692670151512809e-20,0.006469245671367845,nan,nan,nan
Cc1cc(-c2cc(F)cc(-c3ccc4c5ccccc5n(-c5ccccc5)c4c3)c2)sc1-c1cc(F)cc(-c2ccc3c4ccccc4n(-c4ccccc4)c3c2)c1,2.3934474362110198e-17,0.3804879233153983,4.36690584794931,6.318987396456888e-25,393.2195304476535
Cc1ccc(N(c2ccc(C)cc2)c2ccc(-c3cncc(-c4nnc(-c5cncc(-c6ccc(N(c7ccc(C)cc7)c7ccc(C)cc7)cc6)c5)s4)c3)cc2)cc1,1.5502055143314588e-20,0.0023919871230753073,nan,nan,nan
COc1ccc2c3ccccc3n(-c3ccc(-c4cc(C)cc(-c5c(OC)cc(-c6cc(C)cc(-c7ccc(-n8c9ccccc9c9ccc(OC)cc98)cc7)c6)c6ncccc56)c4)cc3)c2c1,2.4818655253774073e-17,0.07775753754397322,0.6911367731788829,5.093980690544611e-25,403.3190834085672
Cc1cc(-c2ccc(N3c4ccccc4Oc4ccccc43)cc2)cc(-c2ccc(-c3cc(C)cc(-c4ccc(N5c6ccccc6Oc6ccccc65)cc4)c3)c3[nH]ccc23)c1,1.442225721657672e-17,0.08684795432435044,1.8012464719623023,7.121864557105029e-25,527.3632725219177
c1ccc(N(c2ccccc2)c2ccc(-c3cc(-c4ccc(-c5ccc(-c6ccc(-c7cc(-c8ccc(N(c9ccccc9)c9ccccc9)cc8)no7)cc6)cc5)cc4)on3)cc2)cc1,1.0699543800751877e-16,0.5667190916925055,1.4028170724676463,5.98122390527889e-25,405.64797558709427
COc1ccc2c(c1)N(c1ccc(-c3ccc(F)c(-c4ccc(-c5ccc(-c6cc(-c7ccc(N8c9ccccc9Sc9ccc(OC)cc98)cc7)ccc6F)cc5)cc4)c3)cc1)c1ccccc1S2,1.7388004391169892e-17,0.13892260121120895,1.937406319596936,5.801708343298448e-25,445.13738224084034
Fc1c(F)c(/C=C/c2ccc(-n3c4ccccc4c4ccccc43)cc2)c(F)c(F)c1/C=C/c1ccc(-n2c3ccccc3c3ccccc32)cc1,8.284375633993739e-17,0.7593540767886,2.884751491169514,7.886552570427561e-25,530.4207446071715
CN(C)c1ccc(-c2cc(F)cc(-c3ccc(-c4ccc(-c5cc(F)cc(-c6ccc(N(C)C)cc6)c5)cc4)cc3)c2)cc1,2.498182061579121e-17,0.17698688959274406,2.315755030454159,8.002388652518141e-25,547.2157290140968
Cc1cc(-c2cc(-c3ccc(-n4c5ccccc5c5ccccc54)cc3)cc(C(F)(F)F)c2)ncc1-c1cc(-c2ccc(-n3c4ccccc4c4ccccc43)cc2)cc(C(F)(F)F)c1,7.351050230801029e-20,0.008731983125285808,nan,nan,nan
Cc1cc(-c2ccc(-c3ccc(-c4ccc5c(ccn5C(=O)OC(C)(C)C)c4)s3)s2)cc(-c2ccc(-c3ccc(-c4ccc5c(ccn5C(=O)OC(C)(C)C)c4)s3)s2)c1O,9.697257173862415e-17,0.1376663228908478,0.4754975182034995,7.536192331670984e-25,469.81693033488284
CCOC(=O)c1cc(-c2ccc(N3c4ccccc4Sc4ccc(OC)cc43)cc2)cc(-c2cc3c(c(-c4cc(C(=O)OCC)cc(-c5ccc(N6c7ccccc7Sc7ccc(OC)cc76)cc5)c4)c2)NC(=O)C3=O)c1,8.130964538981784e-20,0.005675802371294326,nan,nan,nan
CCn1c2ccccc2c2cc(-c3ccsc3-c3cccc(-c4sccc4-c4ccc5c(c4)c4ccccc4n5CC)n3)ccc21,2.8101014125210404e-17,0.09019733818961796,0.6272780545951688,4.542648809725601e-25,442.8197961137553
CC(C)(C)n1cc(-c2ccc(-c3ccc(N4c5ccccc5Oc5ccccc54)cc3)s2)c(-c2ccc(-c3ccc(N4c5ccccc5Oc5ccccc54)cc3)s2)n1,1.8815809093520623e-17,0.0717862514992417,1.2659152956641397,7.849221764827254e-25,554.0761076610612
COc1cc(-c2ccc(N3c4ccccc4Sc4ccc(C(F)(F)F)cc43)cc2)cc(-c2ccc(-c3cc(OC)cc(-c4ccc(N5c6ccccc6Sc6ccc(C(F)(F)F)cc65)cc4)c3)c3nsnc23)c1,2.1208689525956768e-20,0.0021040947617274007,nan,nan,nan
CCn1c2ccccc2c2cc(-c3cccc(-c4ccc5cc(-c6cccc(-c7ccc8c(c7)c7ccccc7n8CC)c6)ccc5c4)c3)ccc21,6.13249556099841e-17,0.5168467890707481,1.8189985760047223,5.396349046924261e-25,421.93159666807617
CCOC(=O)c1cc(-c2cnc(F)c(-c3cc(C(=O)OCC)cc(-c4ccc5c(c4)c4cc(-c6ccccc6)ccc4n5-c4ccccc4)c3)c2)cc(-c2ccc3c(c2)c2cc(-c4ccccc4)ccc2n3-c2ccccc2)c1,5.665354301040347e-18,0.08521072450034894,1.7377512964140576,3.795849166165808e-25,385.4421431325997
COc1c(-c2ccc(-c3ccc4c(c3)c3cc(-c5ccccc5)ccc3n4-c3ccccc3)s2)cc(-c2ccc(-c3ccc4c(c3)c3cc(-c5ccccc5)ccc3n4-c3ccccc3)s2)c(F)c1F,1.667718834666791e-17,0.05447235485825726,0.44757642524083857,3.0831624254282057e-25,405.64797558709427
c1cc(-c2ccc3oc(-c4csc(-c5cc6cc(-c7cccc(-n8c9ccccc9c9ccccc98)c7)ccc6o5)n4)cc3c2)cc(-n2c3ccccc3c3ccccc32)c1,1.0915919020184971e-17,0.03490085336006968,0.6187212350422469,4.95619372863192e-25,429.6742475466221
Cc1ccc(N(c2ccc(C)cc2)c2ccc(-c3ccc(-c4ccc(-c5ccc(-c6ccc(N(c7ccc(C)cc7)c7ccc(C)cc7)cc6)cc5C)c5[nH]ccc45)c(C)c3)cc2)cc1,6.697461883894394e-17,0.6078152765787296,2.3865250999799428,6.162799022452298e-25,446.68207025172376
COc1ccc(N(c2ccc(OC)cc2)c2ccc(-c3ccc4oc(-c5cnc(-c6cc7cc(-c8ccc(N(c9ccc(OC)cc9)c9ccc(OC)cc9)cc8)ccc7o6)c(C)c5)cc4c3)cc2)cc1,1.4490927659809718e-17,0.0927715396385038,1.8130368771162848,6.980450400984998e-25,512.8241490360862
COc1cc(-c2ccnc(-c3ccc4c5ccccc5n(-c5ccccc5)c4c3)c2)c2ncccc2c1-c1ccnc(-c2ccc3c4ccccc4n(-c4ccccc4)c3c2)c1,5.613949707152076e-17,0.3811293944322246,1.9053976998703983,6.408002072547575e-25,393.99686262541576
c1cc(-c2cccc(-c3cc4cc(-c5ccc(-n6c7ccccc7c7ccccc76)cc5)ccc4o3)n2)nc(-c2cccc(-c3cc4cc(-c5ccc(-n6c7ccccc7c7ccccc76)cc5)ccc4o3)n2)c1,2.5463970440500073e-17,0.13736639163957717,0.908706184499727,3.9914944773562053e-25,406.42412516191064
Cc1cc(-c2csc(C(=O)O)c2-c2cc(C)c(-c3ccc(N4c5ccccc5Sc5ccccc54)cc3)cc2C)c(C)cc1-c1ccc(N2c3ccccc3Sc3ccccc32)cc1,8.311682396206673e-20,0.003443350977701369,nan,nan,nan
CN(C)c1ccc(-c2ccccc2-c2cccc(-c3ccccc3-c3ccc(N(C)C)c4ccccc34)c2)c2ccccc12,4.286089872907495e-18,0.025437845489630993,1.1910017174094418,4.839071833011663e-25,435.86304799964404
O=C1c2cc(-c3cc4cc(-c5ccc(-n6c7ccccc7c7ccccc76)cc5)ccc4o3)ccc2-c2ccc(-c3cc4cc(-c5ccc(-n6c7ccccc7c7ccccc76)cc5)ccc4o3)cc21,1.6460529362105564e-16,0.6295538914729514,0.9473206866205166,5.573017723259235e-25,397.10545217470315
CC(C)(C)OC(=O)N(c1ccccc1)c1ccc(-c2ccc(C#N)c(-c3ccc(-c4cc(-c5ccc(N(C(=O)OC(C)(C)C)c6ccccc6)cc5)ccc4C#N)c(CC#N)c3)c2)cc1,1.0610725251249986e-17,0.25225931723714,5.8713269329801445,5.711527328652563e-25,444.3649274137839
Fc1cc(-c2cc3cc(-c4ccc(-n5c6ccccc6c6ccccc65)cc4)ccc3o2)ccc1-c1cc2cc(-c3ccc(-n4c5ccccc5c5ccccc54)cc3)ccc2o1,1.0422548545559922e-17,0.2691449943356503,3.023930093953075,3.1968808744231486e-25,407.9762025877279
CN(C)c1ccc(-c2ccc(/C=C/c3ccc(/C=C/c4ccc(-c5ccc(N(C)C)c6ccccc56)cc4)c(CC#N)c3)cc2)c2ccccc12,6.217267990219476e-20,0.009784575480094485,nan,nan,nan
CN(C)c1ccc(-c2cc(F)cc(-c3ccc(-c4cc(F)cc(-c5ccc(N(C)C)c6ccccc56)c4)c4nsnc34)c2)c2ccccc12,1.7506140507642345e-20,0.009174251593094665,nan,nan,nan
COc1cc(-c2cc(-c3ccc(N(C)C)c4ccccc34)cc(C(F)(F)F)c2)ncc1-c1cc(-c2ccc(N(C)C)c3ccccc23)cc(C(F)(F)F)c1,1.7212286697456792e-20,0.007444533061161645,nan,nan,nan
O=C(O)c1cnc(-c2cc(-c3cccc(N(c4ccccc4)c4ccccc4)c3)no2)cc1-c1cc(-c2cccc(N(c3ccccc3)c3ccccc3)c2)no1,1.3009443666954144e-20,0.005422914887823006,nan,nan,nan
c1ccc2c(-c3c4ccccc4c(-c4cc5cc(-c6ccc(-n7c8ccccc8c8ccccc87)cc6)ccc5o4)c4ccccc34)c3ccccc3c(-c3cc4cc(-c5ccc(-n6c7ccccc7c7ccccc76)cc5)ccc4o3)c2c1,7.953163615498897e-17,0.40600488734252477,1.3518795173629794,6.5703613618651045e-25,492.1174375554018
FC(F)(F)c1cc(C=Cc2ccc(-c3ccc(-n4c5ccccc5c5ccccc54)cc3)cc2)ccc1C=Cc1ccc(-c2ccc(-n3c4ccccc4c4ccccc43)cc2)cc1,1.4316465784281254e-16,0.8919678052236047,1.5303856439944634,5.635563474548241e-25,467.5064360604953
CC(C)(C)OC(=O)N(c1ccccc1)c1ccc(-c2ccc(/C=C/c3sc(/C=C/c4ccc(-c5ccc(N(C(=O)OC(C)(C)C)c6ccccc6)cc5)cc4)c(C(=O)O)c3C(=O)O)cc2)cc1,1.2195501594266635e-16,0.6828225977144352,1.1462928102770649,4.873758495782513e-25,417.2824591014386
C(=C/c1ccc(-c2cc3cc(-c4ccc(N5c6ccccc6Sc6ccccc65)cc4)ccc3o2)cc1)c1ccc(-c2cc3cc(-c4ccc(N5c6ccccc6Sc6ccccc65)cc4)ccc3o2)cc1,3.022846585789978e-20,0.004790674867727777,nan,nan,nan
CN(C)c1ccc(-c2cc(-c3cn(C(C)(C)C)nc3-c3ccnc(-c4ccc(N(C)C)cc4)c3)ccn2)cc1,8.163454438383258e-18,0.03857985644068251,1.0820953383964187,5.151828653063557e-25,474.4359245684383
O=c1[nH]cnc2[nH]c(-c3ccc(-c4ccc5c(c4)c4ccccc4n5-c4ccccc4)nc3)c(-c3ccc(-c4ccc5c(c4)c4ccccc4n5-c4ccccc4)nc3)c12,2.6548493722567345e-17,0.17994225870213837,1.8477977280408875,6.664400953613312e-25,527.3632725219177
CCOc1c(-c2ccc(N3c4ccccc4Sc4ccc(C(F)(F)F)cc43)cc2)cc(Cl)cc1-c1cc(-c2cc(Cl)cc(-c3ccc(N4c5ccccc5Sc5ccc(C(F)(F)F)cc54)cc3)c2OCC)c2[nH]c(=S)oc2c1,2.169537754597779e-20,0.003678306975386378,nan,nan,nan
CCOC(=O)c1cc(-c2cc(Cl)cc(-c3ccc4c(c3)c3cc(-c5ccccc5)ccc3n4-c3ccccc3)c2OCC)oc1-c1cc(Cl)cc(-c2ccc3c(c2)c2cc(-c4ccccc4)ccc2n3-c2ccccc2)c1OCC,4.4554687715833494e-17,0.33888877144649826,1.7588154321980014,5.3686127989043715e-25,444.3649274137839
Nc1cc(-c2sc3ccccc3c2-c2ccc(N3c4ccccc4Oc4ccccc43)cc2)ccc1-c1sc2ccccc2c1-c1ccc(N2c3ccccc3Oc3ccccc32)cc1,4.8071961875933636e-20,0.005845261185788763,nan,nan,nan
Cc1nc(NN)c(-c2cc(-c3ccc(-n4c(-c5ccccc5)nc5ccccc54)cc3)c3ccccc3c2F)cc1-c1cc(-c2ccc(-n3c(-c4ccccc4)nc4ccccc43)cc2)c2ccccc2c1F,3.516147397359848e-18,0.029559110461352053,1.553319876893202,4.157374326767863e-25,447.4543034366252
Cn1nnc(-c2cccc(-c3ccc(N4c5ccccc5Sc5ccc(C(F)(F)F)cc54)cc3)c2)c1-c1cccc(-c2ccc(N3c4ccccc4Sc4ccc(C(F)(F)F)cc43)cc2)c1,6.264510648273712e-20,0.005551384080599429,nan,nan,nan
CCn1c2ccccc2c2cc(-c3cc(-c4cc(C(=O)O)c(-c5cc(-c6ccc7c(c6)c6ccccc6n7CC)cc(C(F)(F)F)c5)cn4)cc(C(F)(F)F)c3)ccc21,1.211843025699284e-17,0.16172112817678355,2.557433126938981,4.628151610632604e-25,466.7361235717311
C(=C/c1ccc(-c2ccc(-n3c4ccccc4c4ccccc43)cc2)cc1)\c1ccc(-c2ccc(-c3ccc(/C=C/c4ccc(-c5ccc(-n6c7ccccc7c7ccccc76)cc5)cc4)cc3)cc2)cc1,1.504440314037261e-17,0.12581897035871917,1.4115882836529687,3.8850307811366156e-25,442.0471196397086
COc1ccc2c3ccc(OC)cc3n(-c3ccc(/C=C/c4c5ccccc5c(/C=C/c5ccc(-n6c7cc(OC)ccc7c7ccc(OC)cc76)cc5)c5ccccc45)cc3)c2c1,2.396185479097597e-17,0.13185300462459712,1.6225845835384436,7.300119405902798e-25,554.0761076610612
Cc1ccc(N(c2ccc(C)cc2)c2ccc(-c3ccc(F)c(F)c3-c3ccc(-c4c(-c5ccc(N(c6ccc(C)cc6)c6ccc(C)cc6)cc5)ccc(F)c4F)cc3)cc2)cc1,2.7067172141286013e-17,0.5141644807402577,4.811244330606198,6.244109061516055e-25,455.172571993872
Cc1c(-c2ccc(-c3cccc(-c4ccc(N5c6ccccc6Sc6ccc(C(F)(F)F)cc65)cc4)c3C)cc2)cccc1-c1ccc(N2c3ccccc3Sc3ccc(C(F)(F)F)cc32)cc1,1.602029819837714e-17,0.1761960947183051,2.6063454978986367,5.853031598698027e-25,485.9717773238005
CCn1c2ccccc2c2cc(-c3ccc(-c4ccc(OC(F)(F)F)cc4-c4ccc(-c5ccc6c(c5)c5ccccc5n6CC)cc4)cc3)ccc21,7.712130629610615e-17,0.7017185190230806,2.1014757155403903,5.371828892734659e-25,440.5015450408645
COc1cc(-c2ccc(N(c3ccccc3)c3ccccc3)cc2)cc(-c2cccc(-c3cccc(-c4cc(OC)cc(-c5ccc(N(c6ccccc6)c6ccccc6)cc5)c4)n3)n2)c1,6.565783299917431e-20,0.007643384567255469,nan,nan,nan
CCn1c2ccccc2c2cc(-c3cccc(-c4ccc(OC(F)(F)F)cc4-c4cccc(-c5ccc6c(c5)c5ccccc5n6CC)c4C)c3C)ccc21,2.048632150730686e-17,0.07447117933069483,1.4508474554560729,8.980076228110835e-25,385.4421431325997
COc1ccc(N(c2ccc(OC)cc2)c2ccc(-c3cccc(F)c3-c3cc(-c4c(F)cccc4-c4ccc(N(c5ccc(OC)cc5)c5ccc(OC)cc5)cc4)c4nccn4c3)cc2)cc1,8.481829281807686e-18,0.21377172292438382,6.356689215116292,5.979229121218507e-25,475.9749984205025
Nc1[nH]nc(-c2cc(-c3ccc4c5ccccc5n(-c5ccccc5)c4c3)c3ccccc3c2F)c1-c1cc(-c2ccc3c4ccccc4n(-c4ccccc4)c3c2)c2ccccc2c1F,1.720563685560578e-17,0.2321145489756753,1.6049224442447325,4.972977152939658e-25,417.2824591014386
C(=C/c1cccc(-c2cccc(-c3cccc(/C=C/c4ccc(-c5ccc(-n6c7ccccc7c7ccccc76)cc5)cc4)n3)n2)n1)\c1ccc(-c2ccc(-n3c4ccccc4c4ccccc43)cc2)cc1,1.2154451709635269e-17,0.06095097157415237,1.1351939254546408,5.318173795279666e-25,445.13738224084034
COc1ccc(N(c2ccc(OC)cc2)c2ccc(-c3ncccc3-c3cc(C)c(-c4cccnc4-c4ccc(N(c5ccc(OC)cc5)c5ccc(OC)cc5)cc4)cc3C)cc2)cc1,5.480963418526182e-18,0.1102855606225505,1.1749361931064612,1.3138175186874704e-25,387.7761354902135
Cc1ccc(N(c2ccc(C)cc2)c2ccc(-c3ccc(-c4cc(-c5ccc(-c6ccc(N(c7ccc(C)cc7)c7ccc(C)cc7)cc6)nc5)c(N)nn4)cn3)cc2)cc1,7.753284826705067e-17,0.5944773104503192,1.8323762931623049,5.377094110557728e-25,420.3821797410853
CCOC(=O)c1cc(-c2ccc(N(c3ccc(C)cc3)c3ccc(C)cc3)cc2)cc(-c2ccc(-c3cc(C(=O)OCC)cc(-c4ccc(N(c5ccc(C)cc5)c5ccc(C)cc5)cc4)c3)c(C)c2)c1,3.60691973802962e-18,0.025755909452094935,2.018746274288261,7.207872116842842e-25,540.3493717731172
COc1c(-c2cc(C)c(-c3ccc4c(c3)c3cc(-c5ccccc5)ccc3n4-c3ccccc3)cc2C)cc(N)cc1-c1cc(C)c(-c2ccc3c(c2)c2cc(-c4ccccc4)ccc2n3-c2ccccc2)cc1C,1.2056775032750804e-17,0.0478926666735086,1.3502765527594038,7.648343464376967e-25,385.4421431325997
COc1cc(-c2ccc3c4ccccc4n(-c4ccc(-c5ccccc5)cc4)c3c2)cc(-c2csc(-c3cc(OC)cc(-c4ccc5c6ccccc6n(-c6ccc(-c7ccccc7)cc6)c5c4)c3)n2)c1,1.3744017599829092e-17,0.037353492167517974,0.5107674113382815,4.342404442627488e-25,405.64797558709427
C(=C/c1ccc(/C=C/c2ccc(-n3c4ccccc4c4ccccc43)cc2)c2nsnc12)\c1ccc(-n2c3ccccc3c3ccccc32)cc1,9.21892354585624e-17,0.9007011720422693,5.356457609405307,1.346018525443066e-24,611.0134813022098
C(=C/c1ccccc1-c1ccccc1/C=C/c1ccc(-n2c3ccccc3c3ccccc32)cc1)\c1ccc(-n2c3ccccc3c3ccccc32)cc1,2.928243460629349e-17,0.2645076480514106,1.8320890420120655,4.648243256891254e-25,449.7705597156153
CN(C)c1ccc(-c2cscc2-c2cc(OC(F)(F)F)cc(-c3cscc3-c3ccc(N(C)C)cc3)c2N)cc1,6.316894060774936e-20,0.003995424100893114,nan,nan,nan
FC(F)(F)c1cc(-c2ccc(-c3cc(-c4ccc5c6ccccc6n(-c6ccccc6)c5c4)cc(C(F)(F)F)c3)c(C(F)(F)F)c2)cc(-c2ccc3c4ccccc4n(-c4ccccc4)c3c2)c1,7.910628327808345e-18,0.2853661163972741,8.869090161027305,5.568533427652942e-25,405.64797558709427
Fc1ccc(-c2ccc3c(c2)c2cc(-c4ccccc4)ccc2n3-c2ccccc2)cc1-c1ccc(-c2cc(-c3ccc4c(c3)c3cc(-c5ccccc5)ccc3n4-c3ccccc3)ccc2F)c2nsnc12,1.1364259485986112e-20,0.00911847472549606,nan,nan,nan
COc1ccc(-c2ccc(N(c3ccc(C)cc3)c3ccc(C)cc3)cc2)c(-c2cocc2-c2cc(OC)ccc2-c2ccc(N(c3ccc(C)cc3)c3ccc(C)cc3)cc2)c1,4.034325041076581e-17,0.38889915315381424,2.3549002715053122,5.774461555109087e-25,445.13738224084034
c1ccc(-c2ccc3c(c2)c2cc(-c4ccccc4-c4ccccc4-c4c5ccccc5c(-c5c6ccccc6c(-c6ccccc6-c6ccccc6-c6ccc7c(c6)c6cc(-c8ccccc8)ccc6n7-c6ccccc6)c6ccccc56)c5ccccc45)ccc2n3-c2ccccc2)cc1,2.748573947578967e-17,0.09714409852898419,1.5137526235735723,9.636702019250868e-25,385.4421431325997
O=C1Nc2c(cc(-c3cc4cc(-c5ccc6c7ccccc7n(-c7ccc(-c8ccccc8)cc7)c6c5)ccc4o3)cc2-c2cc3cc(-c4ccc5c6ccccc6n(-c6ccc(-c7ccccc7)cc6)c5c4)ccc3o2)C1=O,1.3415251095923325e-17,0.2573702506117913,2.673223248577863,3.283489048255721e-25,392.4421243526405
Cc1cc(/C=C/c2ccc(-n3c4ccccc4c4ccccc43)cc2)c(C)cc1/C=C/c1ccc(-n2c3ccccc3c3ccccc32)cc1,2.197381226973723e-16,0.963290302346506,1.2432569989842444,6.619981163935093e-25,455.172571993872
CC(C)(C)OC(=O)n1ccc2cc(-c3ccc(F)c(F)c3-c3ccc4c(c3)C(=O)c3cc(-c5c(-c6ccc7c(ccn7C(=O)OC(C)(C)C)c6)ccc(F)c5F)ccc3-4)ccc21,9.542137772575043e-20,0.0012307562255990411,nan,nan,nan
COc1cc(-c2cc3cc(-c4ccc(-n5c6ccccc6c6ccccc65)cc4)ccc3o2)c(OC)cc1-c1cc2cc(-c3ccc(-n4c5ccccc5c5ccccc54)cc3)ccc2o1,2.0396158681814598e-16,0.7535890034119428,1.0652278865518108,6.48692497410133e-25,405.64797558709427
COc1ccc2c(c1)N(c1ccc(-c3cccc(F)c3-c3ccc(-c4c(F)cccc4-c4ccc(N5c6ccccc6Sc6ccc(OC)cc65)cc4)nc3)cc1)c1ccccc1S2,5.19745010654004e-20,0.006219786613377289,nan,nan,nan
C(=C/c1cccc(-c2cccc(/C=C/c3ccc(-n4c5ccccc5c5ccccc54)cc3)n2)n1)\c1ccc(-n2c3ccccc3c3ccccc32)cc1,5.989674471203687e-17,0.682421827909778,2.8466081278295676,6.0844299692263615e-25,454.4010775812333
Cc1cc(-c2cnc(-c3cc(C)cc(-c4ccc(N(C)C)c5ccccc45)c3)cn2)cc(-c2ccc(N(C)C)c3ccccc23)c1,1.9908094446509454e-20,0.008887813326050382,nan,nan,nan
Cc1cc(-c2ccc3c(c2)c2ccccc2n3-c2ccccc2)ccc1-c1ccc(-c2ccc(-c3ccc(-c4ccc5c(c4)c4ccccc4n5-c4ccccc4)cc3C)cc2N)c(N)c1,4.3713240227434665e-17,0.4587115747415056,2.2568594623817173,5.240928512695502e-25,420.3821797410853
CN(C)c1ccc(-c2cc(-c3ccc(-c4ccnc(-c5ccc(N(C)C)cc5)c4)c(F)c3)ccn2)cc1,2.478105327992511e-18,0.161960092015716,3.083667921126783,1.061602341199911e-25,387.7761354902135
CC(C)(C)OC(=O)n1ccc2cc(-c3ccc(-c4cnc(C#N)c(-c5ccc(-c6ccc7c(ccn7C(=O)OC(C)(C)C)c6)cc5)c4)cc3)ccc21,4.875217390773118e-18,0.13393636422797336,10.079171660720048,8.912684533501527e-25,560.9305081056582
Cc1cc(-c2ccc3c(c2)c2ccccc2n3-c2ccccc2)cc(-c2nnc(-c3cc(-c4ccc5c(c4)c4ccccc4n5-c4ccccc4)cc(C)c3F)s2)c1F,3.3234867297110446e-17,0.08746582373599077,1.1936944222761818,1.020542842358003e-24,385.4421431325997
Cc1ccc(-c2cncc(-c3ccc(N(c4ccccc4)c4ccccc4)cc3)c2)cc1-c1cncc(-c2ccc(N(c3ccccc3)c3ccccc3)cc2)c1,6.5412078332956666e-18,0.08648218160041103,3.6284265986529167,6.188469546376263e-25,452.8578671309927
CC(C)(C)OC(=O)n1ccc2cc(-c3ccc(-c4cc(-c5ccc(-c6ccc7c(ccn7C(=O)OC(C)(C)C)c6)cc5)cc(N5CCC6(CC5)OCCO6)c4)cc3)ccc21,7.879974379090897e-17,0.17913014199532085,0.5791389096667758,5.775700002224075e-25,449.7705597156153
O=C1Nc2c(cc(-c3sc4ccccc4c3-c3ccc(N(c4ccccc4)c4ccccc4)cc3)cc2-c2sc3ccccc3c2-c2ccc(N(c3ccccc3)c3ccccc3)cc2)C1=O,4.6986769604907954e-17,0.3380662980154916,1.9430789676407922,6.0764045308094395e-25,472.8965552730122
